event_id,start_time,end_time,duration_min,area,equipment,category,cause,shift,notes
EVT-0001,2026-01-13T07:35:00,2026-01-13T07:41:00,6,Utilities,Wrapper-01,Electrical,Startup check,Shift-Beta,Temporary workaround applied.
EVT-0002,2025-12-05T20:35:00,2025-12-05T21:24:00,49,Finishing,Station-09,Changeover,Material shortage,Shift-Alpha,Cleared and resumed.
EVT-0003,2025-12-20T15:05:00,2025-12-20T15:16:00,11,Packaging,Wrapper-01,Material,Packaging film change,Shift-Delta,Reset and verified.
EVT-0004,2026-01-12T23:55:00,2026-01-13T00:34:00,39,Warehouse,Sorter-03,Logistics,Material shortage,Shift-Delta,Temporary workaround applied.
EVT-0005,2025-12-07T15:45:00,2025-12-07T16:16:00,31,Finishing,Line-01,Logistics,Inspection hold,Shift-Beta,Running stable after adjustment.
EVT-0006,2025-12-29T07:25:00,2025-12-29T07:36:00,11,Quality,Station-05,Quality,Inspection hold,Shift-Alpha,Running stable after adjustment.
EVT-0007,2025-12-18T06:05:00,2025-12-18T07:04:00,59,Warehouse,Line-02,Logistics,Jam clear,Shift-Zeta,Cleared and resumed.
EVT-0008,2025-12-04T10:15:00,2025-12-04T10:28:00,13,Utilities,Cell-Alpha,Changeover,Nozzle cleanout,Shift-Beta,Paused to align with upstream.
EVT-0009,2025-12-14T07:25:00,2025-12-14T08:19:00,54,Packaging,Sorter-03,Changeover,Guard reset,Shift-Beta,Operator notified maintenance.
EVT-0010,2026-01-04T08:10:00,2026-01-04T08:22:00,12,Quality,Line-01,Material,Format swap,Shift-Gamma,Operator notified maintenance.
EVT-0011,2026-01-07T10:00:00,2026-01-07T10:16:00,16,Finishing,Line-01,Material,Packaging film change,Shift-Zeta,Cleared and resumed.
EVT-0012,2026-01-17T02:35:00,2026-01-17T03:08:00,33,Finishing,Wrapper-01,Quality,Sensor recalibration,Shift-Delta,Paused to align with upstream.
EVT-0013,2025-12-15T19:00:00,2025-12-15T19:51:00,51,Quality,Wrapper-01,Electrical,Temperature recovery,Shift-Alpha,Cleared and resumed.
EVT-0014,2025-12-31T12:30:00,2025-12-31T13:18:00,48,Assembly,Filler-02,Logistics,Temperature recovery,Shift-Alpha,Cleared and resumed.
EVT-0015,2025-12-21T19:10:00,2025-12-21T19:19:00,9,Packaging,Cell-Beta,Quality,Startup check,Shift-Zeta,Temporary workaround applied.
EVT-0016,2025-12-21T12:45:00,2025-12-21T13:23:00,38,Finishing,Filler-02,Quality,Startup check,Shift-Delta,Cleared and resumed.
EVT-0017,2026-01-20T22:05:00,2026-01-20T23:04:00,59,Quality,Wrapper-01,Logistics,Jam clear,Shift-Delta,Running stable after adjustment.
EVT-0018,2026-01-26T07:30:00,2026-01-26T07:56:00,26,Warehouse,Station-09,Mechanical,Sensor recalibration,Shift-Gamma,Running stable after adjustment.
EVT-0019,2025-12-21T21:20:00,2025-12-21T21:48:00,28,Packaging,Filler-02,Changeover,Sensor recalibration,Shift-Alpha,Cleared and resumed.
EVT-0020,2025-12-28T03:55:00,2025-12-28T04:47:00,52,Finishing,Line-03,Quality,Format swap,Shift-Zeta,Paused to align with upstream.
EVT-0021,2026-01-05T10:50:00,2026-01-05T11:02:00,12,Warehouse,Station-05,Logistics,Packaging film change,Shift-Alpha,Reset and verified.
EVT-0022,2026-01-08T09:25:00,2026-01-08T09:36:00,11,Utilities,Wrapper-01,Material,Material shortage,Shift-Delta,Operator notified maintenance.
EVT-0023,2026-01-24T03:25:00,2026-01-24T04:24:00,59,Utilities,Station-05,Changeover,Guard reset,Shift-Zeta,Operator notified maintenance.
EVT-0024,2026-01-21T13:40:00,2026-01-21T14:34:00,54,Utilities,Sorter-03,Logistics,Nozzle cleanout,Shift-Alpha,Paused to align with upstream.
EVT-0025,2026-01-29T21:55:00,2026-01-29T22:17:00,22,Assembly,Line-03,Electrical,Guard reset,Shift-Gamma,Reset and verified.
EVT-0026,2025-12-01T05:10:00,2025-12-01T05:51:00,41,Quality,Station-09,Changeover,Material shortage,Shift-Alpha,Cleared and resumed.
EVT-0027,2026-01-17T16:15:00,2026-01-17T16:44:00,29,Warehouse,Filler-02,Electrical,Material shortage,Shift-Gamma,Reset and verified.
EVT-0028,2026-01-16T10:45:00,2026-01-16T11:28:00,43,Assembly,Line-01,Material,Material shortage,Shift-Zeta,Cleared and resumed.
EVT-0029,2026-01-13T02:20:00,2026-01-13T02:53:00,33,Quality,Station-09,Mechanical,Startup check,Shift-Delta,Running stable after adjustment.
EVT-0030,2025-12-18T06:40:00,2025-12-18T06:52:00,12,Finishing,Station-09,Changeover,Guard reset,Shift-Zeta,Running stable after adjustment.
EVT-0031,2026-01-03T21:20:00,2026-01-03T21:27:00,7,Packaging,Station-09,Quality,Format swap,Shift-Alpha,Operator notified maintenance.
EVT-0032,2025-12-20T06:10:00,2025-12-20T07:03:00,53,Finishing,Cell-Beta,Electrical,Sensor recalibration,Shift-Alpha,Running stable after adjustment.
EVT-0033,2026-01-17T13:10:00,2026-01-17T13:23:00,13,Warehouse,Wrapper-01,Logistics,Jam clear,Shift-Zeta,Paused to align with upstream.
EVT-0034,2026-01-23T21:25:00,2026-01-23T21:34:00,9,Warehouse,Line-01,Mechanical,Format swap,Shift-Delta,Cleared and resumed.
EVT-0035,2026-01-25T10:45:00,2026-01-25T11:17:00,32,Utilities,Station-09,Logistics,Packaging film change,Shift-Gamma,Cleared and resumed.
EVT-0036,2025-12-26T00:25:00,2025-12-26T00:40:00,15,Utilities,Filler-02,Logistics,Inspection hold,Shift-Alpha,Running stable after adjustment.
EVT-0037,2026-01-24T03:15:00,2026-01-24T03:47:00,32,Utilities,Station-09,Quality,Sensor recalibration,Shift-Delta,Reset and verified.
EVT-0038,2026-01-17T10:15:00,2026-01-17T10:41:00,26,Packaging,Line-02,Quality,Sensor recalibration,Shift-Zeta,Paused to align with upstream.
EVT-0039,2025-12-13T11:25:00,2025-12-13T12:16:00,51,Quality,Line-03,Material,Sensor recalibration,Shift-Beta,Reset and verified.
EVT-0040,2025-12-13T05:45:00,2025-12-13T05:59:00,14,Quality,Line-02,Material,Temperature recovery,Shift-Delta,Paused to align with upstream.
EVT-0041,2026-01-18T18:35:00,2026-01-18T19:23:00,48,Utilities,Sorter-03,Electrical,Inspection hold,Shift-Beta,Running stable after adjustment.
EVT-0042,2025-12-05T15:35:00,2025-12-05T16:20:00,45,Finishing,Cell-Beta,Quality,Format swap,Shift-Gamma,Paused to align with upstream.
EVT-0043,2025-12-05T09:35:00,2025-12-05T10:08:00,33,Assembly,Line-01,Electrical,Guard reset,Shift-Alpha,Temporary workaround applied.
EVT-0044,2026-01-25T02:45:00,2026-01-25T03:28:00,43,Utilities,Station-09,Mechanical,Startup check,Shift-Zeta,Temporary workaround applied.
EVT-0045,2026-01-27T01:35:00,2026-01-27T02:31:00,56,Utilities,Cell-Alpha,Electrical,Startup check,Shift-Delta,Paused to align with upstream.
EVT-0046,2025-12-10T01:35:00,2025-12-10T01:46:00,11,Finishing,Line-02,Quality,Material shortage,Shift-Alpha,Operator notified maintenance.
EVT-0047,2026-01-15T14:35:00,2026-01-15T15:13:00,38,Utilities,Sorter-03,Material,Inspection hold,Shift-Gamma,Reset and verified.
EVT-0048,2025-12-25T13:25:00,2025-12-25T14:13:00,48,Utilities,Line-01,Logistics,Inspection hold,Shift-Alpha,Reset and verified.
EVT-0049,2025-12-07T17:50:00,2025-12-07T18:19:00,29,Finishing,Cell-Beta,Logistics,Startup check,Shift-Beta,Reset and verified.
EVT-0050,2025-12-06T18:50:00,2025-12-06T19:04:00,14,Finishing,Cell-Beta,Logistics,Packaging film change,Shift-Beta,Paused to align with upstream.
EVT-0051,2026-01-15T02:20:00,2026-01-15T03:00:00,40,Warehouse,Station-05,Material,Nozzle cleanout,Shift-Alpha,Temporary workaround applied.
EVT-0052,2026-01-12T13:40:00,2026-01-12T14:08:00,28,Assembly,Station-05,Electrical,Material shortage,Shift-Beta,Reset and verified.
EVT-0053,2026-01-19T15:15:00,2026-01-19T15:34:00,19,Packaging,Line-03,Changeover,Guard reset,Shift-Alpha,Paused to align with upstream.
EVT-0054,2026-01-19T17:55:00,2026-01-19T18:33:00,38,Assembly,Station-05,Quality,Material shortage,Shift-Zeta,Running stable after adjustment.
EVT-0055,2025-12-10T05:10:00,2025-12-10T06:08:00,58,Quality,Sorter-03,Material,Temperature recovery,Shift-Alpha,Running stable after adjustment.
EVT-0056,2025-12-24T21:55:00,2025-12-24T22:15:00,20,Warehouse,Sorter-03,Electrical,Temperature recovery,Shift-Beta,Paused to align with upstream.
EVT-0057,2025-12-16T09:35:00,2025-12-16T10:33:00,58,Packaging,Station-05,Logistics,Startup check,Shift-Delta,Running stable after adjustment.
EVT-0058,2026-01-19T09:30:00,2026-01-19T10:07:00,37,Utilities,Station-09,Material,Jam clear,Shift-Zeta,Operator notified maintenance.
EVT-0059,2026-01-25T08:00:00,2026-01-25T08:46:00,46,Warehouse,Station-05,Quality,Sensor recalibration,Shift-Zeta,Cleared and resumed.
EVT-0060,2025-12-19T02:10:00,2025-12-19T02:32:00,22,Warehouse,Wrapper-01,Material,Packaging film change,Shift-Alpha,Operator notified maintenance.
EVT-0061,2026-01-22T14:25:00,2026-01-22T14:31:00,6,Warehouse,Line-01,Mechanical,Nozzle cleanout,Shift-Gamma,Operator notified maintenance.
EVT-0062,2025-12-25T02:25:00,2025-12-25T02:44:00,19,Assembly,Station-05,Changeover,Inspection hold,Shift-Beta,Operator notified maintenance.
EVT-0063,2025-12-03T09:35:00,2025-12-03T10:24:00,49,Packaging,Filler-02,Mechanical,Startup check,Shift-Alpha,Cleared and resumed.
EVT-0064,2025-12-02T08:15:00,2025-12-02T09:13:00,58,Packaging,Wrapper-01,Logistics,Startup check,Shift-Zeta,Running stable after adjustment.
EVT-0065,2025-12-08T09:15:00,2025-12-08T09:39:00,24,Assembly,Line-01,Material,Packaging film change,Shift-Zeta,Running stable after adjustment.
EVT-0066,2025-12-05T03:35:00,2025-12-05T04:18:00,43,Utilities,Line-01,Logistics,Nozzle cleanout,Shift-Zeta,Operator notified maintenance.
EVT-0067,2026-01-15T04:20:00,2026-01-15T04:52:00,32,Assembly,Sorter-03,Electrical,Jam clear,Shift-Zeta,Running stable after adjustment.
EVT-0068,2025-12-12T21:50:00,2025-12-12T22:00:00,10,Utilities,Station-05,Changeover,Nozzle cleanout,Shift-Zeta,Paused to align with upstream.
EVT-0069,2026-01-20T16:40:00,2026-01-20T16:46:00,6,Warehouse,Filler-02,Changeover,Packaging film change,Shift-Gamma,Reset and verified.
EVT-0070,2026-01-17T00:25:00,2026-01-17T01:20:00,55,Assembly,Station-05,Material,Sensor recalibration,Shift-Zeta,Temporary workaround applied.
EVT-0071,2026-01-18T10:10:00,2026-01-18T10:17:00,7,Finishing,Wrapper-01,Electrical,Material shortage,Shift-Delta,Temporary workaround applied.
EVT-0072,2025-12-31T20:10:00,2025-12-31T21:06:00,56,Packaging,Line-02,Logistics,Temperature recovery,Shift-Alpha,Reset and verified.
EVT-0073,2025-12-13T01:15:00,2025-12-13T01:22:00,7,Finishing,Cell-Beta,Quality,Packaging film change,Shift-Zeta,Running stable after adjustment.
EVT-0074,2025-12-17T01:50:00,2025-12-17T02:07:00,17,Finishing,Station-05,Changeover,Inspection hold,Shift-Gamma,Cleared and resumed.
EVT-0075,2026-01-21T11:30:00,2026-01-21T12:00:00,30,Quality,Filler-02,Mechanical,Inspection hold,Shift-Beta,Running stable after adjustment.
EVT-0076,2026-01-14T15:25:00,2026-01-14T16:21:00,56,Utilities,Cell-Beta,Changeover,Packaging film change,Shift-Alpha,Running stable after adjustment.
EVT-0077,2026-01-08T05:40:00,2026-01-08T06:03:00,23,Finishing,Line-02,Changeover,Inspection hold,Shift-Gamma,Reset and verified.
EVT-0078,2025-12-29T19:55:00,2025-12-29T20:27:00,32,Packaging,Filler-02,Electrical,Temperature recovery,Shift-Alpha,Temporary workaround applied.
EVT-0079,2026-01-25T11:45:00,2026-01-25T12:17:00,32,Finishing,Line-01,Changeover,Packaging film change,Shift-Gamma,Paused to align with upstream.
EVT-0080,2026-01-21T23:50:00,2026-01-22T00:05:00,15,Assembly,Line-03,Quality,Temperature recovery,Shift-Alpha,Operator notified maintenance.
EVT-0081,2025-12-05T07:50:00,2025-12-05T08:18:00,28,Finishing,Station-09,Quality,Format swap,Shift-Zeta,Operator notified maintenance.
EVT-0082,2026-01-13T14:25:00,2026-01-13T14:53:00,28,Warehouse,Line-02,Quality,Material shortage,Shift-Zeta,Reset and verified.
EVT-0083,2025-12-26T10:50:00,2025-12-26T11:12:00,22,Packaging,Line-02,Changeover,Material shortage,Shift-Delta,Paused to align with upstream.
EVT-0084,2025-12-25T17:05:00,2025-12-25T17:26:00,21,Finishing,Filler-02,Material,Startup check,Shift-Gamma,Temporary workaround applied.
EVT-0085,2026-01-28T15:15:00,2026-01-28T15:27:00,12,Packaging,Line-02,Mechanical,Material shortage,Shift-Delta,Cleared and resumed.
EVT-0086,2026-01-21T21:25:00,2026-01-21T22:12:00,47,Finishing,Line-02,Quality,Nozzle cleanout,Shift-Gamma,Reset and verified.
EVT-0087,2026-01-24T05:55:00,2026-01-24T06:45:00,50,Quality,Line-03,Electrical,Nozzle cleanout,Shift-Beta,Cleared and resumed.
EVT-0088,2025-12-13T04:15:00,2025-12-13T05:10:00,55,Warehouse,Line-01,Electrical,Nozzle cleanout,Shift-Zeta,Reset and verified.
EVT-0089,2025-12-30T17:10:00,2025-12-30T17:54:00,44,Assembly,Line-02,Electrical,Packaging film change,Shift-Delta,Paused to align with upstream.
EVT-0090,2025-12-27T13:45:00,2025-12-27T13:54:00,9,Packaging,Station-05,Logistics,Sensor recalibration,Shift-Delta,Running stable after adjustment.
EVT-0091,2026-01-13T16:25:00,2026-01-13T16:38:00,13,Utilities,Sorter-03,Material,Material shortage,Shift-Delta,Paused to align with upstream.
EVT-0092,2026-01-28T01:05:00,2026-01-28T01:43:00,38,Packaging,Cell-Beta,Material,Material shortage,Shift-Gamma,Temporary workaround applied.
EVT-0093,2025-12-15T11:40:00,2025-12-15T12:03:00,23,Assembly,Cell-Beta,Material,Nozzle cleanout,Shift-Gamma,Operator notified maintenance.
EVT-0094,2026-01-10T09:45:00,2026-01-10T10:24:00,39,Assembly,Wrapper-01,Logistics,Material shortage,Shift-Zeta,Paused to align with upstream.
EVT-0095,2025-12-10T05:50:00,2025-12-10T06:34:00,44,Quality,Sorter-03,Electrical,Startup check,Shift-Alpha,Cleared and resumed.
EVT-0096,2025-12-06T01:50:00,2025-12-06T02:44:00,54,Utilities,Cell-Beta,Logistics,Jam clear,Shift-Zeta,Running stable after adjustment.
EVT-0097,2026-01-09T20:00:00,2026-01-09T20:36:00,36,Quality,Wrapper-01,Electrical,Guard reset,Shift-Delta,Operator notified maintenance.
EVT-0098,2026-01-21T21:30:00,2026-01-21T21:54:00,24,Warehouse,Line-02,Logistics,Format swap,Shift-Beta,Running stable after adjustment.
EVT-0099,2025-12-27T15:35:00,2025-12-27T15:53:00,18,Finishing,Sorter-03,Material,Inspection hold,Shift-Gamma,Temporary workaround applied.
EVT-0100,2026-01-25T11:30:00,2026-01-25T11:43:00,13,Finishing,Wrapper-01,Quality,Sensor recalibration,Shift-Gamma,Operator notified maintenance.
EVT-0101,2025-12-30T03:20:00,2025-12-30T03:53:00,33,Packaging,Line-03,Changeover,Format swap,Shift-Gamma,Running stable after adjustment.
EVT-0102,2026-01-25T19:30:00,2026-01-25T19:50:00,20,Packaging,Station-05,Quality,Inspection hold,Shift-Beta,Operator notified maintenance.
EVT-0103,2026-01-01T16:35:00,2026-01-01T17:11:00,36,Finishing,Filler-02,Changeover,Sensor recalibration,Shift-Delta,Paused to align with upstream.
EVT-0104,2025-12-30T07:15:00,2025-12-30T07:57:00,42,Finishing,Line-01,Changeover,Guard reset,Shift-Delta,Paused to align with upstream.
EVT-0105,2026-01-26T20:50:00,2026-01-26T21:25:00,35,Finishing,Wrapper-01,Changeover,Sensor recalibration,Shift-Delta,Operator notified maintenance.
EVT-0106,2026-01-26T08:55:00,2026-01-26T09:23:00,28,Warehouse,Station-05,Changeover,Packaging film change,Shift-Alpha,Paused to align with upstream.
EVT-0107,2026-01-05T06:25:00,2026-01-05T07:05:00,40,Finishing,Line-02,Mechanical,Nozzle cleanout,Shift-Delta,Paused to align with upstream.
EVT-0108,2025-12-18T19:50:00,2025-12-18T20:34:00,44,Assembly,Line-03,Changeover,Packaging film change,Shift-Gamma,Reset and verified.
EVT-0109,2026-01-05T11:10:00,2026-01-05T11:27:00,17,Utilities,Wrapper-01,Mechanical,Nozzle cleanout,Shift-Alpha,Cleared and resumed.
EVT-0110,2025-12-03T04:55:00,2025-12-03T05:21:00,26,Warehouse,Wrapper-01,Mechanical,Material shortage,Shift-Zeta,Paused to align with upstream.
EVT-0111,2025-12-09T10:45:00,2025-12-09T11:10:00,25,Packaging,Station-09,Quality,Guard reset,Shift-Zeta,Reset and verified.
EVT-0112,2026-01-02T16:40:00,2026-01-02T17:16:00,36,Quality,Sorter-03,Electrical,Temperature recovery,Shift-Alpha,Reset and verified.
EVT-0113,2025-12-22T21:05:00,2025-12-22T21:36:00,31,Utilities,Cell-Beta,Logistics,Format swap,Shift-Zeta,Running stable after adjustment.
EVT-0114,2025-12-17T20:45:00,2025-12-17T21:26:00,41,Packaging,Line-01,Quality,Temperature recovery,Shift-Beta,Paused to align with upstream.
EVT-0115,2026-01-10T23:45:00,2026-01-11T00:39:00,54,Warehouse,Line-03,Logistics,Jam clear,Shift-Alpha,Paused to align with upstream.
EVT-0116,2026-01-14T03:15:00,2026-01-14T03:21:00,6,Warehouse,Station-05,Mechanical,Material shortage,Shift-Delta,Temporary workaround applied.
EVT-0117,2025-12-14T13:40:00,2025-12-14T14:34:00,54,Utilities,Filler-02,Logistics,Format swap,Shift-Beta,Paused to align with upstream.
EVT-0118,2025-12-14T17:25:00,2025-12-14T18:12:00,47,Warehouse,Wrapper-01,Mechanical,Inspection hold,Shift-Beta,Running stable after adjustment.
EVT-0119,2026-01-28T17:25:00,2026-01-28T18:04:00,39,Finishing,Cell-Beta,Quality,Temperature recovery,Shift-Beta,Operator notified maintenance.
EVT-0120,2025-12-18T17:20:00,2025-12-18T17:39:00,19,Finishing,Cell-Beta,Logistics,Jam clear,Shift-Delta,Reset and verified.
EVT-0121,2025-12-31T11:40:00,2025-12-31T12:35:00,55,Quality,Cell-Beta,Electrical,Sensor recalibration,Shift-Zeta,Temporary workaround applied.
EVT-0122,2026-01-04T12:30:00,2026-01-04T13:27:00,57,Finishing,Line-03,Electrical,Format swap,Shift-Gamma,Temporary workaround applied.
EVT-0123,2025-12-06T11:35:00,2025-12-06T12:21:00,46,Finishing,Filler-02,Material,Jam clear,Shift-Zeta,Reset and verified.
EVT-0124,2026-01-29T17:55:00,2026-01-29T18:17:00,22,Packaging,Line-02,Quality,Startup check,Shift-Beta,Operator notified maintenance.
EVT-0125,2025-12-04T21:40:00,2025-12-04T21:59:00,19,Quality,Cell-Alpha,Changeover,Sensor recalibration,Shift-Delta,Reset and verified.
EVT-0126,2026-01-15T15:05:00,2026-01-15T15:53:00,48,Packaging,Line-01,Quality,Material shortage,Shift-Delta,Temporary workaround applied.
EVT-0127,2026-01-29T15:35:00,2026-01-29T16:21:00,46,Packaging,Cell-Beta,Electrical,Guard reset,Shift-Alpha,Cleared and resumed.
EVT-0128,2026-01-11T18:15:00,2026-01-11T18:54:00,39,Quality,Line-01,Material,Packaging film change,Shift-Beta,Cleared and resumed.
EVT-0129,2026-01-23T12:35:00,2026-01-23T12:51:00,16,Quality,Cell-Beta,Changeover,Format swap,Shift-Gamma,Paused to align with upstream.
EVT-0130,2026-01-08T03:25:00,2026-01-08T03:48:00,23,Warehouse,Wrapper-01,Quality,Temperature recovery,Shift-Beta,Paused to align with upstream.
EVT-0131,2025-12-30T08:15:00,2025-12-30T09:11:00,56,Assembly,Station-05,Material,Temperature recovery,Shift-Gamma,Temporary workaround applied.
EVT-0132,2025-12-12T00:55:00,2025-12-12T01:21:00,26,Finishing,Sorter-03,Logistics,Jam clear,Shift-Beta,Paused to align with upstream.
EVT-0133,2026-01-24T20:30:00,2026-01-24T21:27:00,57,Warehouse,Wrapper-01,Electrical,Sensor recalibration,Shift-Delta,Temporary workaround applied.
EVT-0134,2025-12-07T05:10:00,2025-12-07T05:45:00,35,Finishing,Cell-Alpha,Changeover,Guard reset,Shift-Delta,Operator notified maintenance.
EVT-0135,2025-12-29T08:25:00,2025-12-29T08:49:00,24,Utilities,Sorter-03,Changeover,Guard reset,Shift-Gamma,Temporary workaround applied.
EVT-0136,2025-12-16T01:50:00,2025-12-16T02:02:00,12,Warehouse,Cell-Beta,Material,Packaging film change,Shift-Zeta,Temporary workaround applied.
EVT-0137,2026-01-19T09:55:00,2026-01-19T10:07:00,12,Quality,Cell-Beta,Electrical,Startup check,Shift-Beta,Operator notified maintenance.
EVT-0138,2025-12-09T15:10:00,2025-12-09T15:44:00,34,Quality,Sorter-03,Electrical,Packaging film change,Shift-Zeta,Running stable after adjustment.
EVT-0139,2026-01-18T17:50:00,2026-01-18T18:47:00,57,Packaging,Cell-Alpha,Logistics,Startup check,Shift-Alpha,Paused to align with upstream.
EVT-0140,2025-12-29T16:55:00,2025-12-29T17:23:00,28,Assembly,Sorter-03,Changeover,Format swap,Shift-Zeta,Paused to align with upstream.
EVT-0141,2025-12-13T18:40:00,2025-12-13T18:54:00,14,Packaging,Station-05,Quality,Temperature recovery,Shift-Alpha,Temporary workaround applied.
EVT-0142,2025-12-14T22:45:00,2025-12-14T23:21:00,36,Assembly,Wrapper-01,Mechanical,Format swap,Shift-Delta,Operator notified maintenance.
EVT-0143,2026-01-02T13:35:00,2026-01-02T14:16:00,41,Assembly,Wrapper-01,Mechanical,Guard reset,Shift-Alpha,Running stable after adjustment.
EVT-0144,2025-12-17T00:55:00,2025-12-17T01:13:00,18,Utilities,Line-02,Changeover,Packaging film change,Shift-Gamma,Temporary workaround applied.
EVT-0145,2025-12-05T17:00:00,2025-12-05T17:09:00,9,Warehouse,Line-01,Electrical,Packaging film change,Shift-Beta,Operator notified maintenance.
EVT-0146,2026-01-19T20:55:00,2026-01-19T21:41:00,46,Warehouse,Station-05,Mechanical,Temperature recovery,Shift-Delta,Running stable after adjustment.
EVT-0147,2025-12-06T21:50:00,2025-12-06T22:50:00,60,Utilities,Line-03,Logistics,Inspection hold,Shift-Alpha,Operator notified maintenance.
EVT-0148,2026-01-04T12:40:00,2026-01-04T12:53:00,13,Quality,Cell-Alpha,Changeover,Format swap,Shift-Gamma,Running stable after adjustment.
EVT-0149,2026-01-13T23:40:00,2026-01-14T00:12:00,32,Utilities,Station-09,Material,Jam clear,Shift-Delta,Reset and verified.
EVT-0150,2025-12-10T08:15:00,2025-12-10T09:06:00,51,Assembly,Line-01,Logistics,Packaging film change,Shift-Zeta,Cleared and resumed.
EVT-0151,2025-12-16T06:05:00,2025-12-16T06:16:00,11,Utilities,Line-01,Mechanical,Startup check,Shift-Alpha,Operator notified maintenance.
EVT-0152,2026-01-17T01:30:00,2026-01-17T02:03:00,33,Packaging,Wrapper-01,Material,Format swap,Shift-Beta,Paused to align with upstream.
EVT-0153,2025-12-19T07:55:00,2025-12-19T08:36:00,41,Finishing,Sorter-03,Quality,Inspection hold,Shift-Beta,Reset and verified.
EVT-0154,2026-01-26T04:50:00,2026-01-26T05:28:00,38,Packaging,Station-09,Electrical,Guard reset,Shift-Alpha,Paused to align with upstream.
EVT-0155,2026-01-07T23:10:00,2026-01-07T23:55:00,45,Quality,Station-09,Quality,Temperature recovery,Shift-Alpha,Reset and verified.
EVT-0156,2026-01-11T21:30:00,2026-01-11T22:25:00,55,Utilities,Station-05,Logistics,Packaging film change,Shift-Delta,Operator notified maintenance.
EVT-0157,2025-12-20T12:10:00,2025-12-20T13:03:00,53,Utilities,Filler-02,Material,Jam clear,Shift-Gamma,Temporary workaround applied.
EVT-0158,2025-12-10T14:00:00,2025-12-10T14:40:00,40,Warehouse,Station-09,Quality,Nozzle cleanout,Shift-Beta,Running stable after adjustment.
EVT-0159,2025-12-16T08:15:00,2025-12-16T08:41:00,26,Quality,Line-02,Mechanical,Inspection hold,Shift-Alpha,Paused to align with upstream.
EVT-0160,2026-01-16T06:00:00,2026-01-16T06:22:00,22,Warehouse,Sorter-03,Quality,Format swap,Shift-Alpha,Operator notified maintenance.
EVT-0161,2026-01-21T18:55:00,2026-01-21T19:42:00,47,Utilities,Cell-Alpha,Mechanical,Jam clear,Shift-Gamma,Reset and verified.
EVT-0162,2026-01-28T00:15:00,2026-01-28T00:32:00,17,Quality,Line-02,Logistics,Temperature recovery,Shift-Beta,Temporary workaround applied.
EVT-0163,2026-01-08T22:15:00,2026-01-08T22:45:00,30,Packaging,Wrapper-01,Electrical,Guard reset,Shift-Delta,Running stable after adjustment.
EVT-0164,2026-01-04T20:25:00,2026-01-04T20:49:00,24,Finishing,Station-05,Quality,Temperature recovery,Shift-Delta,Cleared and resumed.
EVT-0165,2026-01-21T23:35:00,2026-01-22T00:28:00,53,Finishing,Cell-Alpha,Electrical,Inspection hold,Shift-Delta,Cleared and resumed.
EVT-0166,2026-01-06T07:55:00,2026-01-06T08:09:00,14,Assembly,Cell-Beta,Quality,Startup check,Shift-Zeta,Temporary workaround applied.
EVT-0167,2025-12-27T09:10:00,2025-12-27T09:27:00,17,Finishing,Cell-Alpha,Mechanical,Startup check,Shift-Beta,Running stable after adjustment.
EVT-0168,2026-01-05T20:50:00,2026-01-05T21:16:00,26,Finishing,Filler-02,Logistics,Temperature recovery,Shift-Delta,Operator notified maintenance.
EVT-0169,2026-01-16T11:10:00,2026-01-16T11:23:00,13,Quality,Wrapper-01,Mechanical,Material shortage,Shift-Zeta,Temporary workaround applied.
EVT-0170,2025-12-04T16:00:00,2025-12-04T16:58:00,58,Assembly,Line-01,Changeover,Packaging film change,Shift-Beta,Temporary workaround applied.
EVT-0171,2025-12-15T02:55:00,2025-12-15T03:09:00,14,Assembly,Cell-Alpha,Quality,Temperature recovery,Shift-Gamma,Cleared and resumed.
EVT-0172,2026-01-09T20:50:00,2026-01-09T21:34:00,44,Warehouse,Filler-02,Changeover,Format swap,Shift-Zeta,Paused to align with upstream.
EVT-0173,2025-12-27T00:00:00,2025-12-27T00:38:00,38,Quality,Cell-Beta,Quality,Guard reset,Shift-Alpha,Paused to align with upstream.
EVT-0174,2026-01-22T22:50:00,2026-01-22T23:22:00,32,Packaging,Line-02,Changeover,Nozzle cleanout,Shift-Beta,Operator notified maintenance.
EVT-0175,2025-12-13T19:40:00,2025-12-13T20:01:00,21,Finishing,Cell-Beta,Mechanical,Sensor recalibration,Shift-Gamma,Running stable after adjustment.
EVT-0176,2025-12-30T18:15:00,2025-12-30T19:04:00,49,Packaging,Cell-Beta,Logistics,Sensor recalibration,Shift-Alpha,Cleared and resumed.
EVT-0177,2025-12-26T12:30:00,2025-12-26T13:10:00,40,Warehouse,Line-01,Logistics,Format swap,Shift-Beta,Cleared and resumed.
EVT-0178,2026-01-01T13:50:00,2026-01-01T14:45:00,55,Finishing,Sorter-03,Changeover,Nozzle cleanout,Shift-Alpha,Operator notified maintenance.
EVT-0179,2025-12-14T22:45:00,2025-12-14T23:20:00,35,Finishing,Line-01,Changeover,Guard reset,Shift-Zeta,Paused to align with upstream.
EVT-0180,2026-01-12T01:10:00,2026-01-12T02:09:00,59,Finishing,Line-01,Material,Startup check,Shift-Beta,Temporary workaround applied.
EVT-0181,2026-01-22T12:05:00,2026-01-22T12:29:00,24,Packaging,Sorter-03,Material,Startup check,Shift-Delta,Temporary workaround applied.
EVT-0182,2026-01-27T17:25:00,2026-01-27T17:54:00,29,Quality,Line-03,Logistics,Sensor recalibration,Shift-Zeta,Temporary workaround applied.
EVT-0183,2025-12-23T01:05:00,2025-12-23T01:37:00,32,Packaging,Line-02,Electrical,Startup check,Shift-Zeta,Paused to align with upstream.
EVT-0184,2025-12-26T10:00:00,2025-12-26T10:45:00,45,Finishing,Filler-02,Mechanical,Jam clear,Shift-Gamma,Paused to align with upstream.
EVT-0185,2025-12-25T13:10:00,2025-12-25T13:58:00,48,Utilities,Station-09,Changeover,Startup check,Shift-Gamma,Operator notified maintenance.
EVT-0186,2026-01-15T02:05:00,2026-01-15T02:27:00,22,Packaging,Station-09,Logistics,Material shortage,Shift-Delta,Reset and verified.
EVT-0187,2025-12-24T03:05:00,2025-12-24T03:10:00,5,Finishing,Filler-02,Electrical,Guard reset,Shift-Alpha,Operator notified maintenance.
EVT-0188,2025-12-06T05:30:00,2025-12-06T06:03:00,33,Utilities,Wrapper-01,Quality,Packaging film change,Shift-Alpha,Cleared and resumed.
EVT-0189,2025-12-06T11:40:00,2025-12-06T11:50:00,10,Utilities,Sorter-03,Electrical,Packaging film change,Shift-Alpha,Reset and verified.
EVT-0190,2025-12-27T12:05:00,2025-12-27T12:56:00,51,Utilities,Cell-Alpha,Quality,Nozzle cleanout,Shift-Beta,Temporary workaround applied.
EVT-0191,2025-12-25T05:10:00,2025-12-25T05:32:00,22,Finishing,Cell-Beta,Mechanical,Material shortage,Shift-Alpha,Operator notified maintenance.
EVT-0192,2025-12-28T08:30:00,2025-12-28T08:54:00,24,Warehouse,Line-02,Electrical,Guard reset,Shift-Beta,Temporary workaround applied.
EVT-0193,2026-01-10T15:45:00,2026-01-10T16:29:00,44,Packaging,Filler-02,Changeover,Material shortage,Shift-Gamma,Cleared and resumed.
EVT-0194,2025-12-26T10:45:00,2025-12-26T11:14:00,29,Finishing,Filler-02,Electrical,Packaging film change,Shift-Zeta,Operator notified maintenance.
EVT-0195,2025-12-20T10:45:00,2025-12-20T11:34:00,49,Packaging,Filler-02,Electrical,Material shortage,Shift-Delta,Reset and verified.
EVT-0196,2025-12-19T23:55:00,2025-12-20T00:40:00,45,Warehouse,Sorter-03,Material,Inspection hold,Shift-Delta,Reset and verified.
EVT-0197,2026-01-22T12:25:00,2026-01-22T12:37:00,12,Utilities,Cell-Alpha,Quality,Nozzle cleanout,Shift-Beta,Temporary workaround applied.
EVT-0198,2026-01-19T17:00:00,2026-01-19T17:51:00,51,Warehouse,Cell-Alpha,Mechanical,Guard reset,Shift-Alpha,Running stable after adjustment.
EVT-0199,2026-01-13T15:10:00,2026-01-13T15:55:00,45,Finishing,Cell-Alpha,Electrical,Material shortage,Shift-Delta,Running stable after adjustment.
EVT-0200,2025-12-05T14:45:00,2025-12-05T15:20:00,35,Utilities,Station-09,Quality,Nozzle cleanout,Shift-Delta,Paused to align with upstream.
EVT-0201,2025-12-03T11:55:00,2025-12-03T12:51:00,56,Utilities,Sorter-03,Logistics,Sensor recalibration,Shift-Alpha,Operator notified maintenance.
EVT-0202,2026-01-12T21:25:00,2026-01-12T21:40:00,15,Quality,Sorter-03,Changeover,Startup check,Shift-Delta,Reset and verified.
EVT-0203,2026-01-20T13:05:00,2026-01-20T13:10:00,5,Assembly,Cell-Beta,Material,Nozzle cleanout,Shift-Zeta,Paused to align with upstream.
EVT-0204,2026-01-07T22:45:00,2026-01-07T23:04:00,19,Warehouse,Station-05,Mechanical,Temperature recovery,Shift-Zeta,Temporary workaround applied.
EVT-0205,2026-01-02T04:25:00,2026-01-02T04:31:00,6,Warehouse,Line-02,Electrical,Packaging film change,Shift-Alpha,Cleared and resumed.
EVT-0206,2026-01-23T23:10:00,2026-01-23T23:37:00,27,Finishing,Station-05,Mechanical,Jam clear,Shift-Zeta,Running stable after adjustment.
EVT-0207,2025-12-23T15:05:00,2025-12-23T15:38:00,33,Quality,Filler-02,Electrical,Sensor recalibration,Shift-Gamma,Cleared and resumed.
EVT-0208,2026-01-21T22:05:00,2026-01-21T22:11:00,6,Finishing,Line-02,Logistics,Material shortage,Shift-Beta,Paused to align with upstream.
EVT-0209,2025-12-12T17:10:00,2025-12-12T17:36:00,26,Utilities,Station-09,Mechanical,Jam clear,Shift-Delta,Temporary workaround applied.
EVT-0210,2025-12-12T05:50:00,2025-12-12T06:37:00,47,Warehouse,Station-09,Changeover,Startup check,Shift-Beta,Running stable after adjustment.
EVT-0211,2026-01-07T13:30:00,2026-01-07T13:35:00,5,Quality,Cell-Alpha,Material,Guard reset,Shift-Alpha,Paused to align with upstream.
EVT-0212,2025-12-07T17:10:00,2025-12-07T17:38:00,28,Finishing,Cell-Alpha,Mechanical,Sensor recalibration,Shift-Gamma,Temporary workaround applied.
EVT-0213,2026-01-25T15:40:00,2026-01-25T16:25:00,45,Finishing,Sorter-03,Mechanical,Startup check,Shift-Delta,Paused to align with upstream.
EVT-0214,2025-12-08T11:25:00,2025-12-08T12:24:00,59,Warehouse,Sorter-03,Material,Guard reset,Shift-Zeta,Paused to align with upstream.
EVT-0215,2025-12-06T21:10:00,2025-12-06T21:35:00,25,Assembly,Cell-Alpha,Electrical,Sensor recalibration,Shift-Beta,Reset and verified.
EVT-0216,2026-01-14T04:40:00,2026-01-14T05:09:00,29,Warehouse,Sorter-03,Material,Startup check,Shift-Delta,Running stable after adjustment.
EVT-0217,2025-12-12T15:50:00,2025-12-12T16:29:00,39,Quality,Line-03,Quality,Material shortage,Shift-Delta,Reset and verified.
EVT-0218,2025-12-09T05:25:00,2025-12-09T06:23:00,58,Warehouse,Sorter-03,Changeover,Inspection hold,Shift-Alpha,Running stable after adjustment.
EVT-0219,2025-12-09T06:30:00,2025-12-09T07:10:00,40,Utilities,Filler-02,Mechanical,Temperature recovery,Shift-Delta,Temporary workaround applied.
EVT-0220,2026-01-23T14:35:00,2026-01-23T14:50:00,15,Assembly,Sorter-03,Changeover,Jam clear,Shift-Gamma,Cleared and resumed.
EVT-0221,2025-12-18T07:40:00,2025-12-18T08:03:00,23,Packaging,Filler-02,Quality,Temperature recovery,Shift-Zeta,Paused to align with upstream.
EVT-0222,2025-12-08T18:05:00,2025-12-08T18:27:00,22,Utilities,Station-05,Quality,Format swap,Shift-Delta,Paused to align with upstream.
EVT-0223,2025-12-14T13:05:00,2025-12-14T13:57:00,52,Quality,Cell-Alpha,Electrical,Format swap,Shift-Delta,Reset and verified.
EVT-0224,2025-12-23T02:35:00,2025-12-23T03:35:00,60,Assembly,Cell-Alpha,Material,Startup check,Shift-Gamma,Temporary workaround applied.
EVT-0225,2026-01-09T20:30:00,2026-01-09T20:45:00,15,Utilities,Line-03,Material,Jam clear,Shift-Alpha,Paused to align with upstream.
EVT-0226,2025-12-23T17:20:00,2025-12-23T18:03:00,43,Utilities,Line-03,Electrical,Guard reset,Shift-Gamma,Paused to align with upstream.
EVT-0227,2025-12-18T16:50:00,2025-12-18T17:47:00,57,Assembly,Line-03,Mechanical,Format swap,Shift-Gamma,Temporary workaround applied.
EVT-0228,2025-12-09T22:10:00,2025-12-09T22:30:00,20,Packaging,Station-05,Material,Packaging film change,Shift-Delta,Operator notified maintenance.
EVT-0229,2026-01-06T20:20:00,2026-01-06T21:05:00,45,Warehouse,Station-09,Mechanical,Sensor recalibration,Shift-Alpha,Running stable after adjustment.
EVT-0230,2026-01-02T23:20:00,2026-01-03T00:09:00,49,Finishing,Filler-02,Mechanical,Inspection hold,Shift-Zeta,Cleared and resumed.
EVT-0231,2026-01-25T23:05:00,2026-01-25T23:56:00,51,Warehouse,Station-05,Changeover,Nozzle cleanout,Shift-Delta,Operator notified maintenance.
EVT-0232,2025-12-28T06:35:00,2025-12-28T06:57:00,22,Finishing,Cell-Beta,Electrical,Nozzle cleanout,Shift-Zeta,Operator notified maintenance.
EVT-0233,2026-01-06T15:25:00,2026-01-06T16:13:00,48,Assembly,Line-01,Changeover,Temperature recovery,Shift-Alpha,Cleared and resumed.
EVT-0234,2026-01-29T05:35:00,2026-01-29T06:09:00,34,Assembly,Station-09,Material,Material shortage,Shift-Gamma,Operator notified maintenance.
EVT-0235,2026-01-25T08:05:00,2026-01-25T08:51:00,46,Finishing,Cell-Beta,Changeover,Inspection hold,Shift-Beta,Cleared and resumed.
EVT-0236,2025-12-26T20:20:00,2025-12-26T21:11:00,51,Quality,Cell-Alpha,Mechanical,Sensor recalibration,Shift-Alpha,Cleared and resumed.
EVT-0237,2025-12-14T15:05:00,2025-12-14T15:18:00,13,Utilities,Cell-Alpha,Quality,Temperature recovery,Shift-Alpha,Cleared and resumed.
EVT-0238,2026-01-14T10:05:00,2026-01-14T11:05:00,60,Warehouse,Line-03,Mechanical,Sensor recalibration,Shift-Beta,Running stable after adjustment.
EVT-0239,2025-12-06T23:05:00,2025-12-06T23:16:00,11,Finishing,Station-05,Electrical,Material shortage,Shift-Delta,Operator notified maintenance.
EVT-0240,2026-01-11T21:10:00,2026-01-11T21:19:00,9,Utilities,Sorter-03,Changeover,Startup check,Shift-Beta,Running stable after adjustment.
EVT-0241,2025-12-23T23:15:00,2025-12-24T00:00:00,45,Quality,Line-03,Mechanical,Startup check,Shift-Delta,Operator notified maintenance.
EVT-0242,2025-12-06T03:10:00,2025-12-06T04:03:00,53,Assembly,Sorter-03,Logistics,Packaging film change,Shift-Gamma,Running stable after adjustment.
EVT-0243,2025-12-21T04:15:00,2025-12-21T04:37:00,22,Quality,Line-02,Material,Nozzle cleanout,Shift-Zeta,Paused to align with upstream.
EVT-0244,2026-01-16T19:20:00,2026-01-16T20:14:00,54,Quality,Line-01,Logistics,Guard reset,Shift-Beta,Paused to align with upstream.
EVT-0245,2026-01-08T16:15:00,2026-01-08T17:07:00,52,Warehouse,Cell-Beta,Logistics,Format swap,Shift-Beta,Running stable after adjustment.
EVT-0246,2025-12-25T03:15:00,2025-12-25T03:51:00,36,Quality,Sorter-03,Changeover,Nozzle cleanout,Shift-Alpha,Reset and verified.
EVT-0247,2026-01-29T10:10:00,2026-01-29T10:39:00,29,Utilities,Station-09,Electrical,Nozzle cleanout,Shift-Beta,Running stable after adjustment.
EVT-0248,2026-01-19T02:00:00,2026-01-19T02:42:00,42,Assembly,Line-01,Electrical,Jam clear,Shift-Alpha,Cleared and resumed.
EVT-0249,2026-01-20T12:40:00,2026-01-20T13:03:00,23,Quality,Wrapper-01,Mechanical,Packaging film change,Shift-Delta,Cleared and resumed.
EVT-0250,2026-01-10T17:40:00,2026-01-10T18:24:00,44,Packaging,Cell-Beta,Changeover,Guard reset,Shift-Alpha,Paused to align with upstream.
EVT-0251,2026-01-28T06:10:00,2026-01-28T06:49:00,39,Finishing,Station-09,Quality,Sensor recalibration,Shift-Gamma,Temporary workaround applied.
EVT-0252,2025-12-28T23:15:00,2025-12-28T23:23:00,8,Packaging,Line-02,Mechanical,Sensor recalibration,Shift-Delta,Paused to align with upstream.
EVT-0253,2026-01-08T01:20:00,2026-01-08T02:07:00,47,Quality,Line-03,Changeover,Format swap,Shift-Beta,Temporary workaround applied.
EVT-0254,2025-12-01T05:35:00,2025-12-01T06:02:00,27,Utilities,Wrapper-01,Logistics,Guard reset,Shift-Beta,Reset and verified.
EVT-0255,2025-12-09T23:20:00,2025-12-10T00:11:00,51,Assembly,Line-01,Electrical,Packaging film change,Shift-Gamma,Paused to align with upstream.
EVT-0256,2025-12-05T08:55:00,2025-12-05T09:36:00,41,Quality,Line-02,Mechanical,Temperature recovery,Shift-Zeta,Reset and verified.
EVT-0257,2025-12-04T15:45:00,2025-12-04T16:00:00,15,Finishing,Line-03,Electrical,Sensor recalibration,Shift-Zeta,Temporary workaround applied.
EVT-0258,2026-01-16T03:15:00,2026-01-16T04:07:00,52,Utilities,Line-01,Changeover,Format swap,Shift-Beta,Cleared and resumed.
EVT-0259,2025-12-31T11:30:00,2025-12-31T11:44:00,14,Packaging,Line-01,Quality,Packaging film change,Shift-Beta,Reset and verified.
EVT-0260,2025-12-16T13:55:00,2025-12-16T14:20:00,25,Finishing,Line-02,Quality,Inspection hold,Shift-Alpha,Paused to align with upstream.
EVT-0261,2026-01-13T01:10:00,2026-01-13T01:29:00,19,Utilities,Line-01,Mechanical,Sensor recalibration,Shift-Delta,Reset and verified.
EVT-0262,2026-01-19T09:25:00,2026-01-19T09:35:00,10,Utilities,Filler-02,Changeover,Inspection hold,Shift-Beta,Reset and verified.
EVT-0263,2026-01-06T09:55:00,2026-01-06T10:39:00,44,Packaging,Filler-02,Electrical,Startup check,Shift-Delta,Operator notified maintenance.
EVT-0264,2026-01-16T17:15:00,2026-01-16T17:29:00,14,Assembly,Station-09,Changeover,Jam clear,Shift-Zeta,Reset and verified.
EVT-0265,2026-01-10T22:00:00,2026-01-10T22:26:00,26,Assembly,Station-09,Logistics,Guard reset,Shift-Alpha,Operator notified maintenance.
EVT-0266,2026-01-03T07:30:00,2026-01-03T08:06:00,36,Assembly,Line-03,Logistics,Guard reset,Shift-Alpha,Cleared and resumed.
EVT-0267,2026-01-28T07:40:00,2026-01-28T08:11:00,31,Quality,Station-05,Mechanical,Sensor recalibration,Shift-Zeta,Cleared and resumed.
EVT-0268,2026-01-02T04:50:00,2026-01-02T05:47:00,57,Warehouse,Line-02,Quality,Startup check,Shift-Alpha,Running stable after adjustment.
EVT-0269,2026-01-12T04:15:00,2026-01-12T04:38:00,23,Finishing,Station-05,Mechanical,Inspection hold,Shift-Gamma,Running stable after adjustment.
EVT-0270,2025-12-18T07:05:00,2025-12-18T07:22:00,17,Packaging,Sorter-03,Changeover,Material shortage,Shift-Alpha,Operator notified maintenance.
EVT-0271,2025-12-29T14:25:00,2025-12-29T14:56:00,31,Assembly,Wrapper-01,Electrical,Jam clear,Shift-Delta,Reset and verified.
EVT-0272,2025-12-30T08:05:00,2025-12-30T08:15:00,10,Packaging,Cell-Beta,Logistics,Startup check,Shift-Alpha,Operator notified maintenance.
EVT-0273,2026-01-23T10:10:00,2026-01-23T10:20:00,10,Quality,Cell-Alpha,Electrical,Packaging film change,Shift-Zeta,Cleared and resumed.
EVT-0274,2026-01-13T09:20:00,2026-01-13T10:17:00,57,Packaging,Line-01,Mechanical,Temperature recovery,Shift-Zeta,Temporary workaround applied.
EVT-0275,2026-01-05T07:05:00,2026-01-05T07:39:00,34,Assembly,Line-03,Changeover,Format swap,Shift-Alpha,Operator notified maintenance.
EVT-0276,2025-12-09T06:30:00,2025-12-09T06:58:00,28,Quality,Line-02,Quality,Startup check,Shift-Gamma,Cleared and resumed.
EVT-0277,2025-12-02T02:15:00,2025-12-02T03:01:00,46,Warehouse,Line-03,Changeover,Inspection hold,Shift-Alpha,Cleared and resumed.
EVT-0278,2025-12-30T01:10:00,2025-12-30T01:51:00,41,Warehouse,Station-09,Mechanical,Format swap,Shift-Delta,Temporary workaround applied.
EVT-0279,2025-12-28T05:25:00,2025-12-28T05:43:00,18,Packaging,Cell-Beta,Electrical,Temperature recovery,Shift-Beta,Cleared and resumed.
EVT-0280,2026-01-09T19:45:00,2026-01-09T20:05:00,20,Quality,Cell-Beta,Mechanical,Packaging film change,Shift-Zeta,Running stable after adjustment.
EVT-0281,2025-12-04T02:20:00,2025-12-04T02:49:00,29,Packaging,Station-09,Material,Nozzle cleanout,Shift-Beta,Temporary workaround applied.
EVT-0282,2026-01-21T17:00:00,2026-01-21T17:29:00,29,Quality,Station-05,Mechanical,Nozzle cleanout,Shift-Delta,Reset and verified.
EVT-0283,2026-01-28T18:40:00,2026-01-28T19:05:00,25,Warehouse,Cell-Beta,Material,Format swap,Shift-Gamma,Paused to align with upstream.
EVT-0284,2025-12-15T00:20:00,2025-12-15T00:28:00,8,Warehouse,Wrapper-01,Electrical,Startup check,Shift-Beta,Operator notified maintenance.
EVT-0285,2025-12-07T07:50:00,2025-12-07T08:10:00,20,Finishing,Wrapper-01,Logistics,Format swap,Shift-Beta,Paused to align with upstream.
EVT-0286,2026-01-24T12:25:00,2026-01-24T13:23:00,58,Packaging,Line-03,Material,Startup check,Shift-Gamma,Temporary workaround applied.
EVT-0287,2026-01-14T11:45:00,2026-01-14T11:51:00,6,Quality,Station-05,Quality,Startup check,Shift-Beta,Paused to align with upstream.
EVT-0288,2025-12-13T15:40:00,2025-12-13T16:04:00,24,Packaging,Filler-02,Changeover,Sensor recalibration,Shift-Alpha,Operator notified maintenance.
EVT-0289,2026-01-08T07:00:00,2026-01-08T07:38:00,38,Warehouse,Line-01,Electrical,Startup check,Shift-Beta,Operator notified maintenance.
EVT-0290,2025-12-22T22:10:00,2025-12-22T23:06:00,56,Finishing,Line-01,Changeover,Material shortage,Shift-Zeta,Temporary workaround applied.
EVT-0291,2026-01-28T04:05:00,2026-01-28T05:04:00,59,Utilities,Station-05,Changeover,Inspection hold,Shift-Delta,Paused to align with upstream.
EVT-0292,2025-12-07T10:20:00,2025-12-07T10:45:00,25,Packaging,Line-03,Logistics,Packaging film change,Shift-Delta,Temporary workaround applied.
EVT-0293,2025-12-21T05:55:00,2025-12-21T06:35:00,40,Quality,Sorter-03,Electrical,Jam clear,Shift-Zeta,Operator notified maintenance.
EVT-0294,2025-12-25T09:55:00,2025-12-25T10:44:00,49,Finishing,Line-03,Material,Format swap,Shift-Zeta,Running stable after adjustment.
EVT-0295,2026-01-24T18:00:00,2026-01-24T18:16:00,16,Utilities,Station-05,Quality,Jam clear,Shift-Zeta,Cleared and resumed.
EVT-0296,2026-01-29T15:10:00,2026-01-29T15:36:00,26,Quality,Line-02,Material,Inspection hold,Shift-Gamma,Operator notified maintenance.
EVT-0297,2026-01-10T02:55:00,2026-01-10T03:42:00,47,Quality,Station-05,Mechanical,Format swap,Shift-Gamma,Operator notified maintenance.
EVT-0298,2025-12-16T22:05:00,2025-12-16T22:32:00,27,Finishing,Line-02,Logistics,Format swap,Shift-Alpha,Running stable after adjustment.
EVT-0299,2025-12-29T23:30:00,2025-12-29T23:45:00,15,Warehouse,Filler-02,Mechanical,Inspection hold,Shift-Zeta,Running stable after adjustment.
EVT-0300,2025-12-07T15:45:00,2025-12-07T16:31:00,46,Quality,Cell-Alpha,Material,Temperature recovery,Shift-Alpha,Cleared and resumed.
EVT-0301,2025-12-19T00:25:00,2025-12-19T00:46:00,21,Assembly,Line-02,Electrical,Material shortage,Shift-Delta,Operator notified maintenance.
EVT-0302,2026-01-16T02:40:00,2026-01-16T02:50:00,10,Finishing,Sorter-03,Quality,Temperature recovery,Shift-Alpha,Running stable after adjustment.
EVT-0303,2026-01-11T05:45:00,2026-01-11T06:17:00,32,Packaging,Line-01,Changeover,Inspection hold,Shift-Beta,Operator notified maintenance.
EVT-0304,2025-12-27T22:40:00,2025-12-27T23:31:00,51,Quality,Wrapper-01,Electrical,Guard reset,Shift-Gamma,Operator notified maintenance.
EVT-0305,2025-12-07T01:30:00,2025-12-07T02:11:00,41,Utilities,Filler-02,Material,Format swap,Shift-Gamma,Cleared and resumed.
EVT-0306,2025-12-28T02:20:00,2025-12-28T03:17:00,57,Quality,Sorter-03,Mechanical,Jam clear,Shift-Alpha,Cleared and resumed.
EVT-0307,2025-12-14T05:50:00,2025-12-14T06:13:00,23,Assembly,Filler-02,Changeover,Guard reset,Shift-Delta,Running stable after adjustment.
EVT-0308,2026-01-01T21:20:00,2026-01-01T21:30:00,10,Quality,Wrapper-01,Mechanical,Material shortage,Shift-Gamma,Running stable after adjustment.
EVT-0309,2025-12-24T05:35:00,2025-12-24T05:42:00,7,Finishing,Filler-02,Mechanical,Guard reset,Shift-Beta,Reset and verified.
EVT-0310,2026-01-06T01:10:00,2026-01-06T02:03:00,53,Quality,Line-02,Changeover,Inspection hold,Shift-Zeta,Running stable after adjustment.
EVT-0311,2026-01-18T18:15:00,2026-01-18T18:55:00,40,Assembly,Station-09,Quality,Packaging film change,Shift-Zeta,Temporary workaround applied.
EVT-0312,2026-01-25T15:45:00,2026-01-25T16:05:00,20,Warehouse,Cell-Beta,Changeover,Packaging film change,Shift-Alpha,Paused to align with upstream.
EVT-0313,2026-01-06T16:45:00,2026-01-06T17:33:00,48,Utilities,Line-03,Changeover,Temperature recovery,Shift-Beta,Operator notified maintenance.
EVT-0314,2025-12-14T06:10:00,2025-12-14T06:17:00,7,Warehouse,Line-02,Logistics,Packaging film change,Shift-Beta,Temporary workaround applied.
EVT-0315,2025-12-10T19:20:00,2025-12-10T19:45:00,25,Quality,Line-02,Changeover,Packaging film change,Shift-Zeta,Running stable after adjustment.
EVT-0316,2026-01-05T10:20:00,2026-01-05T10:58:00,38,Warehouse,Line-01,Logistics,Startup check,Shift-Zeta,Paused to align with upstream.
EVT-0317,2026-01-20T13:05:00,2026-01-20T13:36:00,31,Packaging,Line-03,Quality,Startup check,Shift-Zeta,Cleared and resumed.
EVT-0318,2026-01-29T03:45:00,2026-01-29T04:39:00,54,Assembly,Cell-Beta,Quality,Inspection hold,Shift-Delta,Reset and verified.
EVT-0319,2025-12-25T20:35:00,2025-12-25T21:16:00,41,Utilities,Filler-02,Changeover,Material shortage,Shift-Gamma,Running stable after adjustment.
EVT-0320,2025-12-10T19:45:00,2025-12-10T20:33:00,48,Quality,Station-09,Changeover,Packaging film change,Shift-Gamma,Temporary workaround applied.
EVT-0321,2025-12-16T01:55:00,2025-12-16T02:30:00,35,Finishing,Station-05,Changeover,Inspection hold,Shift-Gamma,Reset and verified.
EVT-0322,2025-12-18T15:55:00,2025-12-18T16:43:00,48,Assembly,Cell-Alpha,Material,Guard reset,Shift-Delta,Reset and verified.
EVT-0323,2025-12-18T23:30:00,2025-12-19T00:13:00,43,Quality,Line-02,Material,Temperature recovery,Shift-Beta,Running stable after adjustment.
EVT-0324,2026-01-17T15:40:00,2026-01-17T16:40:00,60,Finishing,Line-01,Quality,Material shortage,Shift-Alpha,Reset and verified.
EVT-0325,2026-01-15T16:30:00,2026-01-15T16:43:00,13,Utilities,Sorter-03,Changeover,Material shortage,Shift-Beta,Operator notified maintenance.
EVT-0326,2026-01-23T01:15:00,2026-01-23T01:22:00,7,Warehouse,Line-01,Electrical,Jam clear,Shift-Gamma,Reset and verified.
EVT-0327,2026-01-22T14:40:00,2026-01-22T15:10:00,30,Quality,Line-02,Logistics,Format swap,Shift-Beta,Reset and verified.
EVT-0328,2026-01-01T19:35:00,2026-01-01T19:51:00,16,Warehouse,Sorter-03,Quality,Inspection hold,Shift-Gamma,Operator notified maintenance.
EVT-0329,2026-01-23T08:55:00,2026-01-23T09:53:00,58,Quality,Line-02,Electrical,Format swap,Shift-Delta,Cleared and resumed.
EVT-0330,2025-12-11T18:15:00,2025-12-11T19:14:00,59,Packaging,Cell-Alpha,Logistics,Jam clear,Shift-Gamma,Temporary workaround applied.
EVT-0331,2025-12-27T16:00:00,2025-12-27T17:00:00,60,Quality,Line-01,Mechanical,Material shortage,Shift-Beta,Paused to align with upstream.
EVT-0332,2026-01-21T00:15:00,2026-01-21T00:36:00,21,Utilities,Cell-Beta,Logistics,Guard reset,Shift-Delta,Running stable after adjustment.
EVT-0333,2026-01-24T11:35:00,2026-01-24T11:56:00,21,Packaging,Filler-02,Electrical,Nozzle cleanout,Shift-Zeta,Running stable after adjustment.
EVT-0334,2026-01-07T03:00:00,2026-01-07T03:37:00,37,Quality,Station-05,Quality,Startup check,Shift-Zeta,Reset and verified.
EVT-0335,2025-12-20T21:05:00,2025-12-20T21:40:00,35,Assembly,Station-05,Electrical,Inspection hold,Shift-Gamma,Reset and verified.
EVT-0336,2026-01-11T22:50:00,2026-01-11T23:14:00,24,Packaging,Line-03,Quality,Jam clear,Shift-Alpha,Paused to align with upstream.
EVT-0337,2025-12-26T21:25:00,2025-12-26T22:13:00,48,Packaging,Line-01,Logistics,Temperature recovery,Shift-Gamma,Reset and verified.
EVT-0338,2026-01-28T13:30:00,2026-01-28T13:59:00,29,Quality,Line-01,Quality,Startup check,Shift-Beta,Reset and verified.
EVT-0339,2026-01-16T22:15:00,2026-01-16T23:03:00,48,Utilities,Filler-02,Logistics,Inspection hold,Shift-Zeta,Reset and verified.
EVT-0340,2026-01-24T05:50:00,2026-01-24T06:30:00,40,Packaging,Cell-Beta,Changeover,Temperature recovery,Shift-Beta,Temporary workaround applied.
EVT-0341,2025-12-17T23:40:00,2025-12-18T00:33:00,53,Packaging,Station-05,Logistics,Sensor recalibration,Shift-Beta,Reset and verified.
EVT-0342,2025-12-15T23:20:00,2025-12-15T23:51:00,31,Finishing,Station-05,Electrical,Startup check,Shift-Gamma,Running stable after adjustment.
EVT-0343,2026-01-24T03:35:00,2026-01-24T03:43:00,8,Quality,Sorter-03,Quality,Startup check,Shift-Alpha,Running stable after adjustment.
EVT-0344,2026-01-26T06:40:00,2026-01-26T06:52:00,12,Quality,Station-09,Quality,Guard reset,Shift-Delta,Cleared and resumed.
EVT-0345,2026-01-25T04:10:00,2026-01-25T04:27:00,17,Finishing,Station-09,Quality,Temperature recovery,Shift-Beta,Reset and verified.
EVT-0346,2026-01-25T22:10:00,2026-01-25T23:04:00,54,Assembly,Filler-02,Electrical,Material shortage,Shift-Gamma,Temporary workaround applied.
EVT-0347,2025-12-04T00:35:00,2025-12-04T00:57:00,22,Packaging,Line-03,Quality,Material shortage,Shift-Delta,Cleared and resumed.
EVT-0348,2025-12-09T19:30:00,2025-12-09T20:15:00,45,Warehouse,Station-09,Mechanical,Temperature recovery,Shift-Delta,Cleared and resumed.
EVT-0349,2025-12-03T17:15:00,2025-12-03T18:06:00,51,Finishing,Line-01,Electrical,Nozzle cleanout,Shift-Beta,Cleared and resumed.
EVT-0350,2026-01-13T00:50:00,2026-01-13T01:41:00,51,Packaging,Cell-Alpha,Logistics,Inspection hold,Shift-Gamma,Operator notified maintenance.
EVT-0351,2025-12-07T12:40:00,2025-12-07T13:22:00,42,Finishing,Line-03,Changeover,Format swap,Shift-Gamma,Reset and verified.
EVT-0352,2025-12-30T23:40:00,2025-12-31T00:23:00,43,Utilities,Station-05,Mechanical,Material shortage,Shift-Gamma,Running stable after adjustment.
EVT-0353,2025-12-23T06:10:00,2025-12-23T07:06:00,56,Warehouse,Line-01,Material,Jam clear,Shift-Beta,Operator notified maintenance.
EVT-0354,2026-01-16T00:45:00,2026-01-16T01:22:00,37,Packaging,Line-02,Electrical,Format swap,Shift-Delta,Temporary workaround applied.
EVT-0355,2025-12-17T17:45:00,2025-12-17T17:53:00,8,Utilities,Line-01,Logistics,Sensor recalibration,Shift-Alpha,Cleared and resumed.
EVT-0356,2026-01-14T03:30:00,2026-01-14T04:03:00,33,Warehouse,Line-02,Quality,Guard reset,Shift-Delta,Temporary workaround applied.
EVT-0357,2025-12-10T06:55:00,2025-12-10T07:43:00,48,Quality,Line-01,Electrical,Packaging film change,Shift-Alpha,Temporary workaround applied.
EVT-0358,2026-01-03T08:45:00,2026-01-03T09:28:00,43,Quality,Line-03,Mechanical,Sensor recalibration,Shift-Zeta,Temporary workaround applied.
EVT-0359,2026-01-09T03:20:00,2026-01-09T03:32:00,12,Assembly,Filler-02,Material,Startup check,Shift-Beta,Reset and verified.
EVT-0360,2026-01-23T16:15:00,2026-01-23T16:42:00,27,Quality,Station-09,Electrical,Material shortage,Shift-Alpha,Paused to align with upstream.
EVT-0361,2026-01-01T06:55:00,2026-01-01T07:30:00,35,Finishing,Cell-Alpha,Changeover,Format swap,Shift-Alpha,Cleared and resumed.
EVT-0362,2026-01-23T18:50:00,2026-01-23T19:26:00,36,Packaging,Line-02,Quality,Sensor recalibration,Shift-Alpha,Reset and verified.
EVT-0363,2026-01-11T07:35:00,2026-01-11T07:58:00,23,Finishing,Filler-02,Changeover,Sensor recalibration,Shift-Beta,Cleared and resumed.
EVT-0364,2026-01-24T09:25:00,2026-01-24T10:21:00,56,Quality,Station-05,Mechanical,Sensor recalibration,Shift-Alpha,Cleared and resumed.
EVT-0365,2025-12-01T04:50:00,2025-12-01T05:36:00,46,Packaging,Station-05,Electrical,Temperature recovery,Shift-Zeta,Reset and verified.
EVT-0366,2026-01-26T23:05:00,2026-01-26T23:33:00,28,Finishing,Line-03,Changeover,Packaging film change,Shift-Delta,Running stable after adjustment.
EVT-0367,2025-12-18T12:55:00,2025-12-18T13:54:00,59,Warehouse,Station-09,Logistics,Material shortage,Shift-Alpha,Operator notified maintenance.
EVT-0368,2026-01-14T23:00:00,2026-01-14T23:59:00,59,Packaging,Line-02,Mechanical,Startup check,Shift-Delta,Paused to align with upstream.
EVT-0369,2026-01-13T14:10:00,2026-01-13T14:54:00,44,Warehouse,Station-05,Quality,Format swap,Shift-Beta,Running stable after adjustment.
EVT-0370,2026-01-28T15:05:00,2026-01-28T15:36:00,31,Warehouse,Line-01,Changeover,Guard reset,Shift-Gamma,Cleared and resumed.
EVT-0371,2026-01-15T21:40:00,2026-01-15T22:34:00,54,Quality,Sorter-03,Logistics,Startup check,Shift-Beta,Temporary workaround applied.
EVT-0372,2026-01-25T10:40:00,2026-01-25T11:18:00,38,Quality,Sorter-03,Changeover,Packaging film change,Shift-Beta,Running stable after adjustment.
EVT-0373,2025-12-23T21:50:00,2025-12-23T22:36:00,46,Warehouse,Line-03,Quality,Startup check,Shift-Alpha,Cleared and resumed.
EVT-0374,2026-01-11T05:40:00,2026-01-11T06:39:00,59,Warehouse,Filler-02,Material,Sensor recalibration,Shift-Delta,Reset and verified.
EVT-0375,2025-12-16T10:20:00,2025-12-16T10:28:00,8,Utilities,Cell-Alpha,Quality,Packaging film change,Shift-Delta,Operator notified maintenance.
EVT-0376,2025-12-06T14:35:00,2025-12-06T15:31:00,56,Utilities,Filler-02,Changeover,Temperature recovery,Shift-Delta,Reset and verified.
EVT-0377,2025-12-08T15:55:00,2025-12-08T16:41:00,46,Assembly,Line-02,Mechanical,Packaging film change,Shift-Alpha,Paused to align with upstream.
EVT-0378,2026-01-05T00:05:00,2026-01-05T01:00:00,55,Utilities,Sorter-03,Logistics,Guard reset,Shift-Zeta,Paused to align with upstream.
EVT-0379,2025-12-14T20:50:00,2025-12-14T21:24:00,34,Finishing,Station-05,Changeover,Jam clear,Shift-Delta,Reset and verified.
EVT-0380,2026-01-05T19:45:00,2026-01-05T20:20:00,35,Quality,Station-05,Logistics,Temperature recovery,Shift-Alpha,Cleared and resumed.
EVT-0381,2026-01-18T21:15:00,2026-01-18T21:20:00,5,Finishing,Station-05,Logistics,Guard reset,Shift-Zeta,Paused to align with upstream.
EVT-0382,2025-12-24T22:05:00,2025-12-24T22:12:00,7,Packaging,Filler-02,Material,Packaging film change,Shift-Alpha,Reset and verified.
EVT-0383,2026-01-09T06:15:00,2026-01-09T06:27:00,12,Warehouse,Cell-Alpha,Mechanical,Jam clear,Shift-Gamma,Cleared and resumed.
EVT-0384,2026-01-18T13:00:00,2026-01-18T13:45:00,45,Quality,Sorter-03,Changeover,Temperature recovery,Shift-Delta,Temporary workaround applied.
EVT-0385,2026-01-07T16:10:00,2026-01-07T16:46:00,36,Assembly,Wrapper-01,Logistics,Format swap,Shift-Zeta,Running stable after adjustment.
EVT-0386,2026-01-23T18:35:00,2026-01-23T19:12:00,37,Packaging,Sorter-03,Material,Material shortage,Shift-Alpha,Running stable after adjustment.
EVT-0387,2026-01-12T19:45:00,2026-01-12T20:10:00,25,Utilities,Station-09,Mechanical,Startup check,Shift-Beta,Reset and verified.
EVT-0388,2025-12-26T10:20:00,2025-12-26T10:53:00,33,Packaging,Line-03,Mechanical,Startup check,Shift-Zeta,Reset and verified.
EVT-0389,2026-01-23T22:40:00,2026-01-23T23:40:00,60,Finishing,Wrapper-01,Logistics,Jam clear,Shift-Beta,Operator notified maintenance.
EVT-0390,2026-01-09T22:20:00,2026-01-09T23:08:00,48,Finishing,Line-03,Logistics,Material shortage,Shift-Zeta,Paused to align with upstream.
EVT-0391,2026-01-14T20:25:00,2026-01-14T21:15:00,50,Assembly,Station-05,Quality,Temperature recovery,Shift-Zeta,Paused to align with upstream.
EVT-0392,2026-01-12T22:30:00,2026-01-12T23:18:00,48,Quality,Wrapper-01,Electrical,Packaging film change,Shift-Alpha,Paused to align with upstream.
EVT-0393,2025-12-07T00:30:00,2025-12-07T00:44:00,14,Assembly,Line-01,Material,Guard reset,Shift-Beta,Reset and verified.
EVT-0394,2026-01-13T08:10:00,2026-01-13T09:08:00,58,Assembly,Cell-Beta,Material,Nozzle cleanout,Shift-Alpha,Reset and verified.
EVT-0395,2026-01-22T14:05:00,2026-01-22T14:49:00,44,Quality,Wrapper-01,Material,Nozzle cleanout,Shift-Delta,Operator notified maintenance.
EVT-0396,2026-01-02T22:20:00,2026-01-02T23:09:00,49,Quality,Line-01,Mechanical,Packaging film change,Shift-Delta,Temporary workaround applied.
EVT-0397,2025-12-21T17:00:00,2025-12-21T17:05:00,5,Quality,Cell-Beta,Material,Startup check,Shift-Delta,Operator notified maintenance.
EVT-0398,2026-01-28T20:55:00,2026-01-28T21:45:00,50,Quality,Station-05,Quality,Nozzle cleanout,Shift-Zeta,Operator notified maintenance.
EVT-0399,2026-01-19T23:15:00,2026-01-19T23:38:00,23,Warehouse,Line-03,Logistics,Sensor recalibration,Shift-Beta,Operator notified maintenance.
EVT-0400,2026-01-17T16:05:00,2026-01-17T16:34:00,29,Assembly,Station-09,Electrical,Nozzle cleanout,Shift-Gamma,Operator notified maintenance.
EVT-0401,2025-12-11T18:20:00,2025-12-11T18:25:00,5,Finishing,Filler-02,Logistics,Material shortage,Shift-Alpha,Operator notified maintenance.
EVT-0402,2026-01-29T10:45:00,2026-01-29T10:53:00,8,Quality,Sorter-03,Logistics,Guard reset,Shift-Delta,Paused to align with upstream.
EVT-0403,2026-01-05T11:05:00,2026-01-05T12:00:00,55,Quality,Station-05,Quality,Jam clear,Shift-Beta,Paused to align with upstream.
EVT-0404,2025-12-05T16:10:00,2025-12-05T16:41:00,31,Utilities,Wrapper-01,Mechanical,Sensor recalibration,Shift-Gamma,Operator notified maintenance.
EVT-0405,2026-01-26T06:50:00,2026-01-26T07:16:00,26,Finishing,Station-05,Electrical,Jam clear,Shift-Zeta,Paused to align with upstream.
EVT-0406,2025-12-31T17:50:00,2025-12-31T17:55:00,5,Assembly,Station-05,Mechanical,Jam clear,Shift-Zeta,Paused to align with upstream.
EVT-0407,2025-12-16T01:50:00,2025-12-16T02:15:00,25,Warehouse,Line-02,Mechanical,Guard reset,Shift-Zeta,Temporary workaround applied.
EVT-0408,2025-12-19T00:40:00,2025-12-19T01:37:00,57,Finishing,Wrapper-01,Quality,Temperature recovery,Shift-Delta,Cleared and resumed.
EVT-0409,2025-12-19T20:15:00,2025-12-19T20:40:00,25,Utilities,Line-02,Changeover,Material shortage,Shift-Zeta,Paused to align with upstream.
EVT-0410,2025-12-01T20:05:00,2025-12-01T20:23:00,18,Quality,Cell-Alpha,Logistics,Packaging film change,Shift-Alpha,Operator notified maintenance.
EVT-0411,2026-01-04T22:55:00,2026-01-04T23:49:00,54,Warehouse,Line-02,Logistics,Material shortage,Shift-Alpha,Running stable after adjustment.
EVT-0412,2026-01-15T10:00:00,2026-01-15T10:10:00,10,Assembly,Line-01,Material,Guard reset,Shift-Zeta,Cleared and resumed.
EVT-0413,2026-01-06T07:20:00,2026-01-06T07:51:00,31,Warehouse,Filler-02,Logistics,Packaging film change,Shift-Delta,Reset and verified.
EVT-0414,2025-12-02T12:50:00,2025-12-02T13:02:00,12,Utilities,Line-01,Logistics,Startup check,Shift-Alpha,Temporary workaround applied.
EVT-0415,2026-01-07T01:55:00,2026-01-07T02:54:00,59,Assembly,Station-05,Quality,Sensor recalibration,Shift-Gamma,Temporary workaround applied.
EVT-0416,2025-12-20T19:05:00,2025-12-20T19:28:00,23,Warehouse,Station-09,Mechanical,Format swap,Shift-Delta,Operator notified maintenance.
EVT-0417,2026-01-04T07:10:00,2026-01-04T08:02:00,52,Warehouse,Wrapper-01,Electrical,Material shortage,Shift-Gamma,Temporary workaround applied.
EVT-0418,2026-01-26T23:50:00,2026-01-27T00:18:00,28,Assembly,Wrapper-01,Quality,Material shortage,Shift-Alpha,Cleared and resumed.
EVT-0419,2025-12-01T18:45:00,2025-12-01T19:15:00,30,Utilities,Wrapper-01,Changeover,Guard reset,Shift-Beta,Temporary workaround applied.
EVT-0420,2026-01-17T23:25:00,2026-01-17T23:43:00,18,Warehouse,Wrapper-01,Material,Material shortage,Shift-Beta,Operator notified maintenance.
EVT-0421,2026-01-09T08:15:00,2026-01-09T08:27:00,12,Packaging,Sorter-03,Changeover,Nozzle cleanout,Shift-Delta,Temporary workaround applied.
EVT-0422,2026-01-05T02:20:00,2026-01-05T03:07:00,47,Assembly,Cell-Beta,Changeover,Jam clear,Shift-Zeta,Running stable after adjustment.
EVT-0423,2025-12-22T11:10:00,2025-12-22T11:57:00,47,Quality,Cell-Alpha,Changeover,Guard reset,Shift-Zeta,Cleared and resumed.
EVT-0424,2026-01-27T06:25:00,2026-01-27T07:01:00,36,Warehouse,Station-05,Quality,Guard reset,Shift-Zeta,Operator notified maintenance.
EVT-0425,2026-01-06T18:25:00,2026-01-06T19:21:00,56,Finishing,Station-09,Material,Format swap,Shift-Gamma,Operator notified maintenance.
EVT-0426,2026-01-20T07:55:00,2026-01-20T08:47:00,52,Quality,Station-09,Electrical,Inspection hold,Shift-Beta,Temporary workaround applied.
EVT-0427,2026-01-16T10:35:00,2026-01-16T11:09:00,34,Warehouse,Station-05,Electrical,Temperature recovery,Shift-Zeta,Cleared and resumed.
EVT-0428,2025-12-12T20:45:00,2025-12-12T20:55:00,10,Finishing,Line-03,Quality,Jam clear,Shift-Gamma,Temporary workaround applied.
EVT-0429,2026-01-26T20:05:00,2026-01-26T20:56:00,51,Assembly,Line-01,Quality,Format swap,Shift-Zeta,Paused to align with upstream.
EVT-0430,2025-12-26T18:15:00,2025-12-26T18:22:00,7,Utilities,Cell-Beta,Quality,Nozzle cleanout,Shift-Delta,Temporary workaround applied.
EVT-0431,2026-01-19T04:25:00,2026-01-19T04:55:00,30,Packaging,Sorter-03,Logistics,Guard reset,Shift-Beta,Running stable after adjustment.
EVT-0432,2026-01-02T16:05:00,2026-01-02T16:35:00,30,Finishing,Wrapper-01,Changeover,Jam clear,Shift-Zeta,Temporary workaround applied.
EVT-0433,2025-12-11T16:10:00,2025-12-11T16:43:00,33,Packaging,Line-03,Quality,Startup check,Shift-Beta,Temporary workaround applied.
EVT-0434,2026-01-16T15:25:00,2026-01-16T15:32:00,7,Packaging,Filler-02,Material,Sensor recalibration,Shift-Gamma,Reset and verified.
EVT-0435,2025-12-15T01:50:00,2025-12-15T02:08:00,18,Utilities,Station-05,Mechanical,Temperature recovery,Shift-Delta,Cleared and resumed.
EVT-0436,2025-12-03T20:25:00,2025-12-03T20:36:00,11,Quality,Wrapper-01,Logistics,Guard reset,Shift-Gamma,Paused to align with upstream.
EVT-0437,2026-01-04T18:10:00,2026-01-04T18:39:00,29,Quality,Station-09,Electrical,Startup check,Shift-Alpha,Paused to align with upstream.
EVT-0438,2025-12-17T12:15:00,2025-12-17T12:53:00,38,Warehouse,Station-05,Electrical,Temperature recovery,Shift-Delta,Paused to align with upstream.
EVT-0439,2025-12-01T16:10:00,2025-12-01T16:43:00,33,Packaging,Cell-Alpha,Changeover,Nozzle cleanout,Shift-Gamma,Operator notified maintenance.
EVT-0440,2025-12-10T05:10:00,2025-12-10T05:38:00,28,Utilities,Line-02,Logistics,Jam clear,Shift-Delta,Reset and verified.
EVT-0441,2026-01-16T03:35:00,2026-01-16T04:23:00,48,Warehouse,Filler-02,Material,Startup check,Shift-Beta,Temporary workaround applied.
EVT-0442,2026-01-23T13:00:00,2026-01-23T13:20:00,20,Assembly,Line-03,Quality,Startup check,Shift-Beta,Operator notified maintenance.
EVT-0443,2026-01-10T16:00:00,2026-01-10T16:41:00,41,Packaging,Line-01,Material,Guard reset,Shift-Beta,Paused to align with upstream.
EVT-0444,2025-12-26T19:45:00,2025-12-26T20:30:00,45,Assembly,Cell-Beta,Changeover,Jam clear,Shift-Delta,Paused to align with upstream.
EVT-0445,2025-12-31T15:10:00,2025-12-31T15:29:00,19,Warehouse,Sorter-03,Material,Startup check,Shift-Beta,Paused to align with upstream.
EVT-0446,2026-01-12T16:20:00,2026-01-12T16:35:00,15,Quality,Station-05,Mechanical,Startup check,Shift-Zeta,Cleared and resumed.
EVT-0447,2025-12-15T12:30:00,2025-12-15T12:43:00,13,Assembly,Line-01,Material,Nozzle cleanout,Shift-Zeta,Temporary workaround applied.
EVT-0448,2025-12-27T04:45:00,2025-12-27T04:56:00,11,Packaging,Filler-02,Quality,Startup check,Shift-Alpha,Paused to align with upstream.
EVT-0449,2026-01-02T03:05:00,2026-01-02T03:40:00,35,Quality,Line-03,Quality,Nozzle cleanout,Shift-Alpha,Temporary workaround applied.
EVT-0450,2026-01-11T13:40:00,2026-01-11T14:11:00,31,Finishing,Line-01,Logistics,Nozzle cleanout,Shift-Delta,Operator notified maintenance.
EVT-0451,2026-01-21T15:30:00,2026-01-21T15:57:00,27,Utilities,Sorter-03,Changeover,Packaging film change,Shift-Beta,Reset and verified.
EVT-0452,2025-12-31T07:05:00,2025-12-31T07:28:00,23,Utilities,Wrapper-01,Mechanical,Guard reset,Shift-Beta,Cleared and resumed.
EVT-0453,2026-01-15T23:00:00,2026-01-15T23:41:00,41,Utilities,Line-02,Quality,Format swap,Shift-Delta,Temporary workaround applied.
EVT-0454,2025-12-14T22:25:00,2025-12-14T22:56:00,31,Finishing,Line-02,Material,Packaging film change,Shift-Zeta,Reset and verified.
EVT-0455,2025-12-17T17:30:00,2025-12-17T18:11:00,41,Finishing,Sorter-03,Electrical,Packaging film change,Shift-Beta,Running stable after adjustment.
EVT-0456,2026-01-05T17:35:00,2026-01-05T17:51:00,16,Finishing,Wrapper-01,Quality,Temperature recovery,Shift-Gamma,Reset and verified.
EVT-0457,2026-01-06T11:55:00,2026-01-06T12:25:00,30,Quality,Line-03,Logistics,Sensor recalibration,Shift-Beta,Running stable after adjustment.
EVT-0458,2026-01-20T22:10:00,2026-01-20T22:21:00,11,Packaging,Wrapper-01,Mechanical,Inspection hold,Shift-Zeta,Paused to align with upstream.
EVT-0459,2026-01-14T21:55:00,2026-01-14T22:03:00,8,Packaging,Station-09,Logistics,Format swap,Shift-Alpha,Operator notified maintenance.
EVT-0460,2025-12-31T19:30:00,2025-12-31T19:40:00,10,Assembly,Cell-Beta,Material,Inspection hold,Shift-Alpha,Paused to align with upstream.
EVT-0461,2025-12-03T23:30:00,2025-12-04T00:00:00,30,Utilities,Wrapper-01,Electrical,Startup check,Shift-Alpha,Operator notified maintenance.
EVT-0462,2026-01-10T15:35:00,2026-01-10T15:40:00,5,Packaging,Wrapper-01,Electrical,Jam clear,Shift-Alpha,Paused to align with upstream.
EVT-0463,2026-01-02T16:55:00,2026-01-02T17:14:00,19,Utilities,Line-03,Logistics,Format swap,Shift-Gamma,Operator notified maintenance.
EVT-0464,2026-01-11T00:10:00,2026-01-11T00:20:00,10,Finishing,Station-09,Electrical,Packaging film change,Shift-Delta,Paused to align with upstream.
EVT-0465,2025-12-13T16:00:00,2025-12-13T16:52:00,52,Quality,Line-02,Changeover,Nozzle cleanout,Shift-Gamma,Temporary workaround applied.
EVT-0466,2026-01-23T17:45:00,2026-01-23T18:12:00,27,Finishing,Cell-Beta,Material,Startup check,Shift-Beta,Running stable after adjustment.
EVT-0467,2026-01-29T12:45:00,2026-01-29T12:50:00,5,Finishing,Line-03,Mechanical,Nozzle cleanout,Shift-Alpha,Paused to align with upstream.
EVT-0468,2025-12-05T16:20:00,2025-12-05T16:46:00,26,Assembly,Wrapper-01,Electrical,Nozzle cleanout,Shift-Zeta,Reset and verified.
EVT-0469,2026-01-14T14:30:00,2026-01-14T15:11:00,41,Warehouse,Cell-Alpha,Electrical,Temperature recovery,Shift-Delta,Paused to align with upstream.
EVT-0470,2026-01-25T00:35:00,2026-01-25T00:47:00,12,Finishing,Line-02,Mechanical,Jam clear,Shift-Beta,Reset and verified.
EVT-0471,2025-12-27T11:40:00,2025-12-27T12:19:00,39,Assembly,Cell-Beta,Material,Guard reset,Shift-Alpha,Running stable after adjustment.
EVT-0472,2026-01-13T23:25:00,2026-01-13T23:34:00,9,Utilities,Line-03,Mechanical,Inspection hold,Shift-Gamma,Operator notified maintenance.
EVT-0473,2026-01-27T18:20:00,2026-01-27T18:36:00,16,Quality,Cell-Alpha,Mechanical,Jam clear,Shift-Beta,Temporary workaround applied.
EVT-0474,2025-12-16T08:15:00,2025-12-16T08:34:00,19,Packaging,Cell-Alpha,Quality,Inspection hold,Shift-Beta,Cleared and resumed.
EVT-0475,2025-12-08T02:50:00,2025-12-08T03:37:00,47,Warehouse,Sorter-03,Changeover,Nozzle cleanout,Shift-Alpha,Running stable after adjustment.
EVT-0476,2025-12-24T19:25:00,2025-12-24T20:01:00,36,Utilities,Cell-Beta,Mechanical,Material shortage,Shift-Zeta,Reset and verified.
EVT-0477,2025-12-26T07:45:00,2025-12-26T07:58:00,13,Assembly,Wrapper-01,Mechanical,Temperature recovery,Shift-Zeta,Cleared and resumed.
EVT-0478,2026-01-02T11:30:00,2026-01-02T12:30:00,60,Quality,Line-03,Mechanical,Sensor recalibration,Shift-Zeta,Running stable after adjustment.
EVT-0479,2025-12-21T22:00:00,2025-12-21T22:05:00,5,Quality,Cell-Alpha,Mechanical,Startup check,Shift-Alpha,Reset and verified.
EVT-0480,2025-12-24T19:20:00,2025-12-24T19:36:00,16,Utilities,Cell-Beta,Material,Guard reset,Shift-Delta,Paused to align with upstream.
EVT-0481,2025-12-22T11:10:00,2025-12-22T11:46:00,36,Warehouse,Cell-Alpha,Mechanical,Inspection hold,Shift-Gamma,Running stable after adjustment.
EVT-0482,2025-12-18T14:10:00,2025-12-18T14:51:00,41,Packaging,Sorter-03,Logistics,Jam clear,Shift-Alpha,Temporary workaround applied.
EVT-0483,2025-12-18T07:40:00,2025-12-18T08:12:00,32,Warehouse,Cell-Alpha,Material,Material shortage,Shift-Delta,Cleared and resumed.
EVT-0484,2025-12-12T13:35:00,2025-12-12T13:48:00,13,Quality,Wrapper-01,Quality,Inspection hold,Shift-Delta,Reset and verified.
EVT-0485,2025-12-17T17:45:00,2025-12-17T17:53:00,8,Warehouse,Line-02,Logistics,Material shortage,Shift-Alpha,Operator notified maintenance.
EVT-0486,2026-01-22T08:35:00,2026-01-22T09:33:00,58,Quality,Line-02,Mechanical,Inspection hold,Shift-Gamma,Reset and verified.
EVT-0487,2025-12-24T17:40:00,2025-12-24T18:36:00,56,Finishing,Station-05,Changeover,Packaging film change,Shift-Alpha,Reset and verified.
EVT-0488,2026-01-25T21:45:00,2026-01-25T22:02:00,17,Utilities,Sorter-03,Logistics,Nozzle cleanout,Shift-Beta,Reset and verified.
EVT-0489,2025-12-23T10:50:00,2025-12-23T11:27:00,37,Warehouse,Filler-02,Changeover,Packaging film change,Shift-Zeta,Reset and verified.
EVT-0490,2025-12-30T20:10:00,2025-12-30T21:10:00,60,Packaging,Station-05,Mechanical,Startup check,Shift-Zeta,Running stable after adjustment.
EVT-0491,2026-01-24T02:05:00,2026-01-24T02:20:00,15,Finishing,Cell-Alpha,Electrical,Inspection hold,Shift-Gamma,Temporary workaround applied.
EVT-0492,2025-12-18T19:50:00,2025-12-18T20:20:00,30,Finishing,Filler-02,Electrical,Startup check,Shift-Zeta,Running stable after adjustment.
EVT-0493,2025-12-27T05:10:00,2025-12-27T06:09:00,59,Assembly,Line-03,Logistics,Jam clear,Shift-Gamma,Temporary workaround applied.
EVT-0494,2026-01-14T23:05:00,2026-01-14T23:23:00,18,Packaging,Station-09,Changeover,Sensor recalibration,Shift-Alpha,Running stable after adjustment.
EVT-0495,2026-01-05T01:00:00,2026-01-05T01:54:00,54,Warehouse,Wrapper-01,Changeover,Sensor recalibration,Shift-Gamma,Paused to align with upstream.
EVT-0496,2025-12-10T02:50:00,2025-12-10T03:19:00,29,Finishing,Cell-Alpha,Material,Guard reset,Shift-Delta,Temporary workaround applied.
EVT-0497,2025-12-09T04:40:00,2025-12-09T05:38:00,58,Packaging,Line-01,Changeover,Inspection hold,Shift-Gamma,Running stable after adjustment.
EVT-0498,2025-12-30T17:20:00,2025-12-30T18:00:00,40,Warehouse,Line-03,Logistics,Nozzle cleanout,Shift-Beta,Paused to align with upstream.
EVT-0499,2026-01-08T14:50:00,2026-01-08T15:42:00,52,Quality,Sorter-03,Mechanical,Nozzle cleanout,Shift-Zeta,Reset and verified.
EVT-0500,2026-01-28T11:35:00,2026-01-28T12:14:00,39,Packaging,Line-02,Mechanical,Guard reset,Shift-Gamma,Running stable after adjustment.
EVT-0501,2025-12-17T04:20:00,2025-12-17T04:25:00,5,Assembly,Wrapper-01,Material,Inspection hold,Shift-Gamma,Running stable after adjustment.
EVT-0502,2026-01-04T00:55:00,2026-01-04T01:31:00,36,Warehouse,Cell-Beta,Changeover,Packaging film change,Shift-Gamma,Paused to align with upstream.
EVT-0503,2025-12-15T00:40:00,2025-12-15T01:08:00,28,Packaging,Station-09,Quality,Packaging film change,Shift-Delta,Operator notified maintenance.
EVT-0504,2025-12-11T22:55:00,2025-12-11T23:41:00,46,Warehouse,Station-09,Material,Guard reset,Shift-Alpha,Running stable after adjustment.
EVT-0505,2026-01-10T07:40:00,2026-01-10T08:33:00,53,Utilities,Cell-Beta,Electrical,Nozzle cleanout,Shift-Gamma,Running stable after adjustment.
EVT-0506,2025-12-13T02:10:00,2025-12-13T02:23:00,13,Finishing,Line-02,Logistics,Temperature recovery,Shift-Zeta,Running stable after adjustment.
EVT-0507,2025-12-18T22:45:00,2025-12-18T23:21:00,36,Packaging,Station-05,Changeover,Material shortage,Shift-Alpha,Paused to align with upstream.
EVT-0508,2025-12-02T05:05:00,2025-12-02T05:28:00,23,Finishing,Line-03,Logistics,Temperature recovery,Shift-Alpha,Operator notified maintenance.
EVT-0509,2025-12-06T04:00:00,2025-12-06T04:36:00,36,Packaging,Station-05,Mechanical,Guard reset,Shift-Delta,Reset and verified.
EVT-0510,2025-12-30T22:00:00,2025-12-30T22:26:00,26,Assembly,Line-03,Changeover,Guard reset,Shift-Delta,Cleared and resumed.
EVT-0511,2026-01-04T15:10:00,2026-01-04T15:27:00,17,Finishing,Station-09,Changeover,Sensor recalibration,Shift-Beta,Running stable after adjustment.
EVT-0512,2026-01-19T14:15:00,2026-01-19T15:07:00,52,Assembly,Cell-Alpha,Mechanical,Sensor recalibration,Shift-Zeta,Temporary workaround applied.
EVT-0513,2025-12-14T15:30:00,2025-12-14T16:18:00,48,Finishing,Station-05,Material,Format swap,Shift-Zeta,Paused to align with upstream.
EVT-0514,2025-12-08T08:35:00,2025-12-08T09:20:00,45,Finishing,Cell-Alpha,Electrical,Format swap,Shift-Beta,Cleared and resumed.
EVT-0515,2025-12-16T20:30:00,2025-12-16T20:55:00,25,Assembly,Line-03,Electrical,Startup check,Shift-Alpha,Running stable after adjustment.
EVT-0516,2026-01-20T07:00:00,2026-01-20T07:07:00,7,Utilities,Filler-02,Logistics,Startup check,Shift-Beta,Reset and verified.
EVT-0517,2026-01-19T02:15:00,2026-01-19T02:30:00,15,Warehouse,Line-02,Logistics,Startup check,Shift-Gamma,Temporary workaround applied.
EVT-0518,2025-12-04T01:25:00,2025-12-04T02:11:00,46,Packaging,Wrapper-01,Changeover,Material shortage,Shift-Delta,Operator notified maintenance.
EVT-0519,2025-12-21T17:50:00,2025-12-21T18:43:00,53,Finishing,Filler-02,Logistics,Jam clear,Shift-Alpha,Temporary workaround applied.
EVT-0520,2025-12-25T11:55:00,2025-12-25T12:08:00,13,Finishing,Line-01,Mechanical,Temperature recovery,Shift-Zeta,Reset and verified.
EVT-0521,2026-01-04T22:35:00,2026-01-04T22:52:00,17,Utilities,Line-03,Quality,Inspection hold,Shift-Gamma,Temporary workaround applied.
EVT-0522,2025-12-30T08:45:00,2025-12-30T09:45:00,60,Utilities,Line-03,Changeover,Nozzle cleanout,Shift-Beta,Running stable after adjustment.
EVT-0523,2025-12-19T08:40:00,2025-12-19T09:08:00,28,Warehouse,Line-01,Logistics,Nozzle cleanout,Shift-Delta,Temporary workaround applied.
EVT-0524,2025-12-12T00:45:00,2025-12-12T01:44:00,59,Finishing,Sorter-03,Material,Inspection hold,Shift-Alpha,Temporary workaround applied.
EVT-0525,2026-01-04T12:15:00,2026-01-04T12:53:00,38,Quality,Filler-02,Quality,Material shortage,Shift-Zeta,Reset and verified.
EVT-0526,2025-12-21T13:50:00,2025-12-21T14:15:00,25,Assembly,Line-02,Quality,Sensor recalibration,Shift-Alpha,Operator notified maintenance.
EVT-0527,2025-12-12T01:15:00,2025-12-12T01:26:00,11,Warehouse,Cell-Alpha,Changeover,Format swap,Shift-Zeta,Temporary workaround applied.
EVT-0528,2026-01-23T12:50:00,2026-01-23T13:26:00,36,Utilities,Sorter-03,Logistics,Startup check,Shift-Gamma,Cleared and resumed.
EVT-0529,2025-12-24T07:45:00,2025-12-24T08:35:00,50,Assembly,Line-01,Material,Temperature recovery,Shift-Alpha,Running stable after adjustment.
EVT-0530,2026-01-21T20:00:00,2026-01-21T20:28:00,28,Utilities,Station-09,Electrical,Format swap,Shift-Zeta,Reset and verified.
EVT-0531,2026-01-03T01:55:00,2026-01-03T02:04:00,9,Finishing,Line-02,Material,Nozzle cleanout,Shift-Alpha,Cleared and resumed.
EVT-0532,2026-01-16T07:40:00,2026-01-16T08:09:00,29,Packaging,Cell-Alpha,Quality,Jam clear,Shift-Zeta,Temporary workaround applied.
EVT-0533,2025-12-12T17:55:00,2025-12-12T18:35:00,40,Warehouse,Line-02,Logistics,Startup check,Shift-Gamma,Temporary workaround applied.
EVT-0534,2025-12-30T22:50:00,2025-12-30T23:22:00,32,Assembly,Line-03,Material,Nozzle cleanout,Shift-Delta,Paused to align with upstream.
EVT-0535,2025-12-22T21:10:00,2025-12-22T21:49:00,39,Utilities,Filler-02,Electrical,Inspection hold,Shift-Zeta,Reset and verified.
EVT-0536,2026-01-24T11:30:00,2026-01-24T12:23:00,53,Quality,Station-09,Logistics,Inspection hold,Shift-Zeta,Operator notified maintenance.
EVT-0537,2026-01-06T17:15:00,2026-01-06T17:44:00,29,Utilities,Cell-Beta,Electrical,Temperature recovery,Shift-Delta,Running stable after adjustment.
EVT-0538,2025-12-01T23:00:00,2025-12-01T23:23:00,23,Utilities,Line-01,Quality,Material shortage,Shift-Gamma,Cleared and resumed.
EVT-0539,2025-12-20T07:15:00,2025-12-20T08:14:00,59,Finishing,Line-01,Logistics,Guard reset,Shift-Zeta,Paused to align with upstream.
EVT-0540,2026-01-05T18:45:00,2026-01-05T18:59:00,14,Assembly,Line-01,Mechanical,Inspection hold,Shift-Beta,Operator notified maintenance.
EVT-0541,2025-12-17T11:45:00,2025-12-17T12:05:00,20,Packaging,Cell-Beta,Electrical,Sensor recalibration,Shift-Zeta,Running stable after adjustment.
EVT-0542,2026-01-06T06:55:00,2026-01-06T07:04:00,9,Quality,Station-05,Mechanical,Material shortage,Shift-Delta,Temporary workaround applied.
EVT-0543,2026-01-14T18:05:00,2026-01-14T18:48:00,43,Quality,Cell-Beta,Changeover,Startup check,Shift-Delta,Cleared and resumed.
EVT-0544,2026-01-19T01:25:00,2026-01-19T01:52:00,27,Warehouse,Station-09,Changeover,Jam clear,Shift-Zeta,Cleared and resumed.
EVT-0545,2026-01-10T20:30:00,2026-01-10T20:38:00,8,Finishing,Wrapper-01,Changeover,Inspection hold,Shift-Zeta,Paused to align with upstream.
EVT-0546,2025-12-10T10:40:00,2025-12-10T11:29:00,49,Packaging,Line-03,Changeover,Packaging film change,Shift-Delta,Paused to align with upstream.
EVT-0547,2026-01-06T16:05:00,2026-01-06T16:24:00,19,Warehouse,Cell-Beta,Mechanical,Material shortage,Shift-Beta,Reset and verified.
EVT-0548,2025-12-06T15:45:00,2025-12-06T16:37:00,52,Assembly,Wrapper-01,Mechanical,Guard reset,Shift-Alpha,Running stable after adjustment.
EVT-0549,2026-01-02T13:55:00,2026-01-02T14:08:00,13,Packaging,Filler-02,Quality,Jam clear,Shift-Delta,Running stable after adjustment.
EVT-0550,2026-01-11T18:15:00,2026-01-11T18:55:00,40,Utilities,Wrapper-01,Material,Jam clear,Shift-Alpha,Reset and verified.
EVT-0551,2026-01-19T13:25:00,2026-01-19T14:13:00,48,Utilities,Line-02,Changeover,Packaging film change,Shift-Delta,Reset and verified.
EVT-0552,2025-12-23T06:25:00,2025-12-23T06:52:00,27,Utilities,Line-01,Electrical,Material shortage,Shift-Gamma,Paused to align with upstream.
EVT-0553,2026-01-22T14:45:00,2026-01-22T14:59:00,14,Warehouse,Line-01,Material,Jam clear,Shift-Gamma,Operator notified maintenance.
EVT-0554,2026-01-18T23:05:00,2026-01-18T23:17:00,12,Quality,Line-01,Material,Startup check,Shift-Beta,Reset and verified.
EVT-0555,2025-12-01T10:55:00,2025-12-01T11:51:00,56,Assembly,Cell-Beta,Mechanical,Temperature recovery,Shift-Alpha,Reset and verified.
EVT-0556,2025-12-14T23:40:00,2025-12-14T23:58:00,18,Packaging,Wrapper-01,Quality,Guard reset,Shift-Zeta,Running stable after adjustment.
EVT-0557,2026-01-09T23:10:00,2026-01-09T23:59:00,49,Quality,Line-01,Mechanical,Startup check,Shift-Zeta,Cleared and resumed.
EVT-0558,2025-12-17T05:00:00,2025-12-17T05:23:00,23,Packaging,Sorter-03,Electrical,Format swap,Shift-Delta,Temporary workaround applied.
EVT-0559,2025-12-01T02:30:00,2025-12-01T03:17:00,47,Finishing,Station-05,Changeover,Format swap,Shift-Gamma,Temporary workaround applied.
EVT-0560,2025-12-25T07:30:00,2025-12-25T08:07:00,37,Quality,Line-02,Electrical,Temperature recovery,Shift-Zeta,Paused to align with upstream.
EVT-0561,2025-12-06T05:15:00,2025-12-06T05:52:00,37,Warehouse,Wrapper-01,Logistics,Format swap,Shift-Alpha,Operator notified maintenance.
EVT-0562,2026-01-29T16:20:00,2026-01-29T16:46:00,26,Warehouse,Station-09,Logistics,Material shortage,Shift-Alpha,Reset and verified.
EVT-0563,2026-01-13T11:25:00,2026-01-13T12:10:00,45,Finishing,Cell-Alpha,Quality,Guard reset,Shift-Alpha,Temporary workaround applied.
EVT-0564,2025-12-17T12:00:00,2025-12-17T12:40:00,40,Finishing,Cell-Alpha,Material,Inspection hold,Shift-Delta,Temporary workaround applied.
EVT-0565,2025-12-09T02:55:00,2025-12-09T03:24:00,29,Utilities,Sorter-03,Logistics,Jam clear,Shift-Delta,Operator notified maintenance.
EVT-0566,2026-01-06T04:30:00,2026-01-06T04:54:00,24,Utilities,Station-05,Mechanical,Nozzle cleanout,Shift-Beta,Operator notified maintenance.
EVT-0567,2026-01-11T04:45:00,2026-01-11T05:24:00,39,Quality,Cell-Alpha,Material,Guard reset,Shift-Zeta,Operator notified maintenance.
EVT-0568,2025-12-28T04:50:00,2025-12-28T05:31:00,41,Packaging,Station-05,Changeover,Nozzle cleanout,Shift-Zeta,Temporary workaround applied.
EVT-0569,2025-12-08T05:25:00,2025-12-08T06:23:00,58,Packaging,Line-01,Electrical,Packaging film change,Shift-Delta,Reset and verified.
EVT-0570,2025-12-29T23:50:00,2025-12-30T00:42:00,52,Finishing,Line-03,Material,Sensor recalibration,Shift-Beta,Operator notified maintenance.
EVT-0571,2025-12-02T19:45:00,2025-12-02T20:07:00,22,Utilities,Sorter-03,Quality,Jam clear,Shift-Zeta,Operator notified maintenance.
EVT-0572,2025-12-15T21:00:00,2025-12-15T21:27:00,27,Assembly,Filler-02,Material,Nozzle cleanout,Shift-Zeta,Running stable after adjustment.
EVT-0573,2026-01-15T20:25:00,2026-01-15T20:41:00,16,Warehouse,Filler-02,Mechanical,Material shortage,Shift-Beta,Operator notified maintenance.
EVT-0574,2025-12-15T01:30:00,2025-12-15T02:23:00,53,Assembly,Cell-Beta,Mechanical,Jam clear,Shift-Beta,Operator notified maintenance.
EVT-0575,2025-12-05T05:35:00,2025-12-05T06:35:00,60,Utilities,Filler-02,Logistics,Inspection hold,Shift-Delta,Operator notified maintenance.
EVT-0576,2025-12-28T12:00:00,2025-12-28T12:43:00,43,Quality,Station-09,Logistics,Inspection hold,Shift-Delta,Paused to align with upstream.
EVT-0577,2026-01-17T18:45:00,2026-01-17T19:24:00,39,Utilities,Line-01,Quality,Sensor recalibration,Shift-Delta,Running stable after adjustment.
EVT-0578,2026-01-22T01:15:00,2026-01-22T01:53:00,38,Utilities,Station-09,Logistics,Format swap,Shift-Zeta,Running stable after adjustment.
EVT-0579,2026-01-03T20:00:00,2026-01-03T20:17:00,17,Finishing,Filler-02,Mechanical,Guard reset,Shift-Gamma,Running stable after adjustment.
EVT-0580,2025-12-11T13:20:00,2025-12-11T14:04:00,44,Assembly,Wrapper-01,Material,Temperature recovery,Shift-Delta,Cleared and resumed.
EVT-0581,2026-01-16T16:05:00,2026-01-16T16:21:00,16,Utilities,Wrapper-01,Material,Packaging film change,Shift-Delta,Reset and verified.
EVT-0582,2025-12-29T00:10:00,2025-12-29T00:44:00,34,Utilities,Cell-Alpha,Mechanical,Sensor recalibration,Shift-Gamma,Reset and verified.
EVT-0583,2026-01-14T20:55:00,2026-01-14T21:50:00,55,Packaging,Line-02,Changeover,Sensor recalibration,Shift-Delta,Temporary workaround applied.
EVT-0584,2025-12-24T02:40:00,2025-12-24T03:30:00,50,Warehouse,Wrapper-01,Quality,Material shortage,Shift-Delta,Paused to align with upstream.
EVT-0585,2025-12-25T01:10:00,2025-12-25T01:36:00,26,Utilities,Line-03,Material,Material shortage,Shift-Beta,Temporary workaround applied.
EVT-0586,2025-12-04T13:20:00,2025-12-04T13:44:00,24,Quality,Filler-02,Electrical,Material shortage,Shift-Alpha,Operator notified maintenance.
EVT-0587,2025-12-13T00:45:00,2025-12-13T01:38:00,53,Finishing,Line-01,Mechanical,Temperature recovery,Shift-Delta,Paused to align with upstream.
EVT-0588,2026-01-21T00:45:00,2026-01-21T01:21:00,36,Packaging,Cell-Alpha,Quality,Temperature recovery,Shift-Delta,Running stable after adjustment.
EVT-0589,2025-12-29T02:45:00,2025-12-29T03:28:00,43,Assembly,Cell-Alpha,Quality,Guard reset,Shift-Zeta,Temporary workaround applied.
EVT-0590,2026-01-05T06:00:00,2026-01-05T06:16:00,16,Packaging,Line-01,Logistics,Inspection hold,Shift-Alpha,Operator notified maintenance.
EVT-0591,2026-01-24T01:50:00,2026-01-24T02:31:00,41,Utilities,Cell-Beta,Electrical,Sensor recalibration,Shift-Alpha,Cleared and resumed.
EVT-0592,2025-12-27T05:10:00,2025-12-27T05:58:00,48,Finishing,Sorter-03,Logistics,Startup check,Shift-Zeta,Paused to align with upstream.
EVT-0593,2025-12-12T14:55:00,2025-12-12T15:37:00,42,Finishing,Line-01,Changeover,Guard reset,Shift-Gamma,Reset and verified.
EVT-0594,2026-01-27T12:05:00,2026-01-27T12:58:00,53,Warehouse,Wrapper-01,Changeover,Guard reset,Shift-Delta,Operator notified maintenance.
EVT-0595,2025-12-08T22:20:00,2025-12-08T22:46:00,26,Utilities,Station-09,Quality,Jam clear,Shift-Beta,Paused to align with upstream.
EVT-0596,2025-12-04T03:45:00,2025-12-04T04:36:00,51,Quality,Wrapper-01,Changeover,Temperature recovery,Shift-Zeta,Temporary workaround applied.
EVT-0597,2025-12-19T13:45:00,2025-12-19T14:44:00,59,Finishing,Cell-Beta,Quality,Startup check,Shift-Zeta,Reset and verified.
EVT-0598,2026-01-29T04:45:00,2026-01-29T05:26:00,41,Warehouse,Wrapper-01,Logistics,Temperature recovery,Shift-Delta,Operator notified maintenance.
EVT-0599,2026-01-26T19:15:00,2026-01-26T20:05:00,50,Finishing,Cell-Alpha,Changeover,Sensor recalibration,Shift-Alpha,Running stable after adjustment.
EVT-0600,2026-01-10T03:55:00,2026-01-10T04:54:00,59,Packaging,Sorter-03,Mechanical,Packaging film change,Shift-Alpha,Reset and verified.
EVT-0601,2025-12-23T17:50:00,2025-12-23T18:08:00,18,Assembly,Cell-Alpha,Logistics,Guard reset,Shift-Gamma,Cleared and resumed.
EVT-0602,2025-12-20T09:40:00,2025-12-20T10:20:00,40,Finishing,Line-01,Changeover,Inspection hold,Shift-Gamma,Running stable after adjustment.
EVT-0603,2026-01-16T18:45:00,2026-01-16T18:51:00,6,Packaging,Cell-Alpha,Electrical,Inspection hold,Shift-Delta,Running stable after adjustment.
EVT-0604,2026-01-21T01:50:00,2026-01-21T02:03:00,13,Warehouse,Line-03,Logistics,Temperature recovery,Shift-Zeta,Reset and verified.
EVT-0605,2025-12-30T13:55:00,2025-12-30T14:03:00,8,Utilities,Cell-Beta,Quality,Inspection hold,Shift-Zeta,Paused to align with upstream.
EVT-0606,2025-12-02T06:45:00,2025-12-02T07:33:00,48,Finishing,Station-05,Changeover,Material shortage,Shift-Gamma,Cleared and resumed.
EVT-0607,2025-12-22T12:50:00,2025-12-22T13:29:00,39,Packaging,Sorter-03,Quality,Packaging film change,Shift-Beta,Paused to align with upstream.
EVT-0608,2025-12-08T09:55:00,2025-12-08T10:54:00,59,Finishing,Line-01,Electrical,Packaging film change,Shift-Alpha,Running stable after adjustment.
EVT-0609,2026-01-26T07:25:00,2026-01-26T07:58:00,33,Finishing,Cell-Alpha,Quality,Guard reset,Shift-Beta,Cleared and resumed.
EVT-0610,2025-12-24T01:15:00,2025-12-24T01:25:00,10,Warehouse,Wrapper-01,Changeover,Temperature recovery,Shift-Zeta,Operator notified maintenance.
EVT-0611,2025-12-13T10:35:00,2025-12-13T11:26:00,51,Utilities,Cell-Beta,Electrical,Material shortage,Shift-Alpha,Paused to align with upstream.
EVT-0612,2026-01-13T04:15:00,2026-01-13T05:06:00,51,Assembly,Filler-02,Mechanical,Nozzle cleanout,Shift-Alpha,Cleared and resumed.
EVT-0613,2025-12-20T01:50:00,2025-12-20T02:49:00,59,Utilities,Line-02,Electrical,Temperature recovery,Shift-Alpha,Cleared and resumed.
EVT-0614,2026-01-03T21:55:00,2026-01-03T22:19:00,24,Assembly,Sorter-03,Electrical,Jam clear,Shift-Gamma,Operator notified maintenance.
EVT-0615,2025-12-13T09:20:00,2025-12-13T09:59:00,39,Finishing,Filler-02,Logistics,Sensor recalibration,Shift-Gamma,Operator notified maintenance.
EVT-0616,2025-12-11T08:05:00,2025-12-11T08:10:00,5,Utilities,Wrapper-01,Quality,Sensor recalibration,Shift-Beta,Paused to align with upstream.
EVT-0617,2025-12-23T17:25:00,2025-12-23T17:47:00,22,Packaging,Cell-Beta,Quality,Jam clear,Shift-Beta,Cleared and resumed.
EVT-0618,2025-12-20T19:25:00,2025-12-20T20:04:00,39,Warehouse,Line-01,Material,Format swap,Shift-Delta,Temporary workaround applied.
EVT-0619,2025-12-04T03:30:00,2025-12-04T03:38:00,8,Assembly,Station-09,Mechanical,Material shortage,Shift-Zeta,Paused to align with upstream.
EVT-0620,2026-01-10T22:55:00,2026-01-10T23:28:00,33,Utilities,Station-05,Electrical,Inspection hold,Shift-Beta,Temporary workaround applied.
EVT-0621,2026-01-18T21:40:00,2026-01-18T21:50:00,10,Warehouse,Sorter-03,Material,Sensor recalibration,Shift-Delta,Cleared and resumed.
EVT-0622,2025-12-30T09:50:00,2025-12-30T10:36:00,46,Quality,Filler-02,Mechanical,Jam clear,Shift-Beta,Operator notified maintenance.
EVT-0623,2026-01-25T19:20:00,2026-01-25T19:48:00,28,Warehouse,Line-03,Logistics,Inspection hold,Shift-Gamma,Running stable after adjustment.
EVT-0624,2026-01-01T00:05:00,2026-01-01T00:40:00,35,Assembly,Station-05,Mechanical,Temperature recovery,Shift-Beta,Reset and verified.
EVT-0625,2026-01-19T11:45:00,2026-01-19T12:26:00,41,Packaging,Wrapper-01,Changeover,Packaging film change,Shift-Alpha,Reset and verified.
EVT-0626,2026-01-05T20:05:00,2026-01-05T21:00:00,55,Finishing,Wrapper-01,Mechanical,Packaging film change,Shift-Zeta,Running stable after adjustment.
EVT-0627,2025-12-16T19:15:00,2025-12-16T19:55:00,40,Packaging,Filler-02,Mechanical,Sensor recalibration,Shift-Gamma,Operator notified maintenance.
EVT-0628,2026-01-22T22:45:00,2026-01-22T23:17:00,32,Warehouse,Sorter-03,Electrical,Nozzle cleanout,Shift-Beta,Operator notified maintenance.
EVT-0629,2026-01-12T21:05:00,2026-01-12T21:57:00,52,Quality,Sorter-03,Mechanical,Sensor recalibration,Shift-Zeta,Paused to align with upstream.
EVT-0630,2025-12-30T10:40:00,2025-12-30T10:51:00,11,Warehouse,Line-03,Electrical,Packaging film change,Shift-Alpha,Paused to align with upstream.
EVT-0631,2025-12-07T21:45:00,2025-12-07T22:39:00,54,Warehouse,Station-05,Mechanical,Format swap,Shift-Alpha,Operator notified maintenance.
EVT-0632,2026-01-22T04:45:00,2026-01-22T05:38:00,53,Quality,Line-01,Material,Material shortage,Shift-Delta,Paused to align with upstream.
EVT-0633,2025-12-19T12:45:00,2025-12-19T13:26:00,41,Warehouse,Cell-Alpha,Material,Inspection hold,Shift-Gamma,Paused to align with upstream.
EVT-0634,2026-01-20T21:20:00,2026-01-20T21:52:00,32,Quality,Station-05,Changeover,Startup check,Shift-Alpha,Paused to align with upstream.
EVT-0635,2026-01-02T12:10:00,2026-01-02T13:09:00,59,Finishing,Line-01,Electrical,Nozzle cleanout,Shift-Alpha,Cleared and resumed.
EVT-0636,2026-01-15T17:25:00,2026-01-15T17:37:00,12,Finishing,Line-01,Material,Packaging film change,Shift-Zeta,Running stable after adjustment.
EVT-0637,2026-01-10T10:55:00,2026-01-10T11:24:00,29,Warehouse,Station-09,Mechanical,Nozzle cleanout,Shift-Beta,Temporary workaround applied.
EVT-0638,2025-12-12T15:10:00,2025-12-12T15:27:00,17,Utilities,Station-09,Electrical,Packaging film change,Shift-Beta,Reset and verified.
EVT-0639,2026-01-25T21:10:00,2026-01-25T21:23:00,13,Assembly,Line-02,Logistics,Format swap,Shift-Beta,Temporary workaround applied.
EVT-0640,2026-01-26T15:50:00,2026-01-26T16:22:00,32,Packaging,Line-02,Material,Packaging film change,Shift-Delta,Temporary workaround applied.
EVT-0641,2026-01-08T13:45:00,2026-01-08T14:01:00,16,Warehouse,Wrapper-01,Mechanical,Nozzle cleanout,Shift-Delta,Running stable after adjustment.
EVT-0642,2025-12-23T07:10:00,2025-12-23T07:42:00,32,Utilities,Line-01,Quality,Temperature recovery,Shift-Beta,Temporary workaround applied.
EVT-0643,2026-01-02T08:30:00,2026-01-02T09:09:00,39,Utilities,Station-05,Changeover,Format swap,Shift-Zeta,Running stable after adjustment.
EVT-0644,2026-01-15T11:05:00,2026-01-15T11:47:00,42,Warehouse,Line-02,Material,Nozzle cleanout,Shift-Gamma,Running stable after adjustment.
EVT-0645,2026-01-03T02:40:00,2026-01-03T03:24:00,44,Assembly,Cell-Alpha,Mechanical,Sensor recalibration,Shift-Zeta,Paused to align with upstream.
EVT-0646,2025-12-20T19:00:00,2025-12-20T19:26:00,26,Utilities,Line-01,Mechanical,Temperature recovery,Shift-Zeta,Running stable after adjustment.
EVT-0647,2026-01-06T23:25:00,2026-01-06T23:56:00,31,Finishing,Cell-Beta,Electrical,Material shortage,Shift-Alpha,Temporary workaround applied.
EVT-0648,2026-01-29T19:55:00,2026-01-29T20:19:00,24,Quality,Sorter-03,Electrical,Format swap,Shift-Delta,Paused to align with upstream.
EVT-0649,2025-12-11T18:00:00,2025-12-11T18:47:00,47,Finishing,Sorter-03,Changeover,Guard reset,Shift-Delta,Cleared and resumed.
EVT-0650,2025-12-09T16:05:00,2025-12-09T17:04:00,59,Finishing,Cell-Beta,Material,Startup check,Shift-Gamma,Reset and verified.
EVT-0651,2026-01-24T08:00:00,2026-01-24T08:52:00,52,Assembly,Sorter-03,Material,Startup check,Shift-Beta,Temporary workaround applied.
EVT-0652,2025-12-29T11:10:00,2025-12-29T11:31:00,21,Quality,Cell-Alpha,Mechanical,Material shortage,Shift-Zeta,Cleared and resumed.
EVT-0653,2025-12-22T02:10:00,2025-12-22T02:53:00,43,Packaging,Filler-02,Mechanical,Packaging film change,Shift-Beta,Temporary workaround applied.
EVT-0654,2025-12-29T23:50:00,2025-12-30T00:05:00,15,Packaging,Sorter-03,Logistics,Inspection hold,Shift-Alpha,Temporary workaround applied.
EVT-0655,2025-12-17T03:00:00,2025-12-17T03:15:00,15,Warehouse,Station-09,Mechanical,Guard reset,Shift-Delta,Temporary workaround applied.
EVT-0656,2026-01-18T17:15:00,2026-01-18T17:44:00,29,Quality,Station-09,Mechanical,Guard reset,Shift-Beta,Paused to align with upstream.
EVT-0657,2026-01-25T13:00:00,2026-01-25T13:23:00,23,Warehouse,Station-09,Logistics,Inspection hold,Shift-Zeta,Temporary workaround applied.
EVT-0658,2025-12-03T03:40:00,2025-12-03T04:25:00,45,Finishing,Station-09,Quality,Guard reset,Shift-Gamma,Reset and verified.
EVT-0659,2025-12-18T03:20:00,2025-12-18T04:06:00,46,Utilities,Station-09,Mechanical,Jam clear,Shift-Zeta,Operator notified maintenance.
EVT-0660,2026-01-03T10:50:00,2026-01-03T11:39:00,49,Packaging,Station-05,Quality,Format swap,Shift-Alpha,Cleared and resumed.
EVT-0661,2025-12-01T13:05:00,2025-12-01T13:43:00,38,Assembly,Filler-02,Electrical,Jam clear,Shift-Gamma,Reset and verified.
EVT-0662,2025-12-13T01:00:00,2025-12-13T01:44:00,44,Assembly,Line-01,Quality,Jam clear,Shift-Zeta,Temporary workaround applied.
EVT-0663,2025-12-08T22:05:00,2025-12-08T22:15:00,10,Utilities,Line-03,Mechanical,Startup check,Shift-Beta,Cleared and resumed.
EVT-0664,2026-01-14T05:20:00,2026-01-14T05:43:00,23,Warehouse,Line-02,Logistics,Temperature recovery,Shift-Gamma,Running stable after adjustment.
EVT-0665,2026-01-14T21:25:00,2026-01-14T21:46:00,21,Packaging,Line-02,Electrical,Format swap,Shift-Delta,Running stable after adjustment.
EVT-0666,2025-12-22T01:20:00,2025-12-22T02:17:00,57,Finishing,Line-03,Mechanical,Sensor recalibration,Shift-Delta,Operator notified maintenance.
EVT-0667,2026-01-09T12:10:00,2026-01-09T12:56:00,46,Warehouse,Line-02,Material,Nozzle cleanout,Shift-Delta,Operator notified maintenance.
EVT-0668,2026-01-09T20:05:00,2026-01-09T20:38:00,33,Quality,Cell-Beta,Changeover,Format swap,Shift-Alpha,Cleared and resumed.
EVT-0669,2026-01-06T23:20:00,2026-01-07T00:14:00,54,Warehouse,Line-01,Mechanical,Material shortage,Shift-Alpha,Cleared and resumed.
EVT-0670,2026-01-12T12:20:00,2026-01-12T12:34:00,14,Quality,Station-05,Mechanical,Startup check,Shift-Alpha,Paused to align with upstream.
EVT-0671,2026-01-15T15:35:00,2026-01-15T16:07:00,32,Warehouse,Line-02,Quality,Jam clear,Shift-Alpha,Running stable after adjustment.
EVT-0672,2026-01-14T15:05:00,2026-01-14T15:46:00,41,Utilities,Station-05,Electrical,Guard reset,Shift-Delta,Cleared and resumed.
EVT-0673,2026-01-10T20:05:00,2026-01-10T20:33:00,28,Utilities,Station-05,Changeover,Temperature recovery,Shift-Gamma,Temporary workaround applied.
EVT-0674,2025-12-13T05:40:00,2025-12-13T05:47:00,7,Warehouse,Cell-Alpha,Electrical,Packaging film change,Shift-Alpha,Temporary workaround applied.
EVT-0675,2026-01-14T11:35:00,2026-01-14T11:45:00,10,Quality,Filler-02,Logistics,Jam clear,Shift-Beta,Cleared and resumed.
EVT-0676,2025-12-13T00:55:00,2025-12-13T01:37:00,42,Packaging,Filler-02,Mechanical,Sensor recalibration,Shift-Zeta,Temporary workaround applied.
EVT-0677,2025-12-20T15:40:00,2025-12-20T16:38:00,58,Warehouse,Line-01,Changeover,Inspection hold,Shift-Alpha,Reset and verified.
EVT-0678,2026-01-20T23:00:00,2026-01-20T23:30:00,30,Assembly,Cell-Alpha,Logistics,Nozzle cleanout,Shift-Delta,Temporary workaround applied.
EVT-0679,2026-01-25T17:10:00,2026-01-25T18:02:00,52,Utilities,Cell-Alpha,Changeover,Format swap,Shift-Beta,Running stable after adjustment.
EVT-0680,2026-01-11T00:35:00,2026-01-11T01:19:00,44,Assembly,Cell-Alpha,Logistics,Material shortage,Shift-Alpha,Operator notified maintenance.
EVT-0681,2026-01-10T01:20:00,2026-01-10T02:17:00,57,Assembly,Filler-02,Quality,Material shortage,Shift-Zeta,Cleared and resumed.
EVT-0682,2026-01-22T03:05:00,2026-01-22T03:41:00,36,Utilities,Sorter-03,Material,Sensor recalibration,Shift-Beta,Running stable after adjustment.
EVT-0683,2025-12-22T23:50:00,2025-12-23T00:20:00,30,Finishing,Line-02,Logistics,Startup check,Shift-Zeta,Operator notified maintenance.
EVT-0684,2025-12-21T06:00:00,2025-12-21T06:42:00,42,Packaging,Station-05,Changeover,Sensor recalibration,Shift-Gamma,Operator notified maintenance.
EVT-0685,2026-01-18T13:10:00,2026-01-18T13:59:00,49,Finishing,Wrapper-01,Material,Temperature recovery,Shift-Beta,Paused to align with upstream.
EVT-0686,2025-12-03T04:05:00,2025-12-03T05:00:00,55,Quality,Sorter-03,Mechanical,Material shortage,Shift-Alpha,Running stable after adjustment.
EVT-0687,2025-12-06T00:00:00,2025-12-06T00:16:00,16,Assembly,Sorter-03,Electrical,Packaging film change,Shift-Delta,Temporary workaround applied.
EVT-0688,2025-12-09T06:10:00,2025-12-09T06:55:00,45,Finishing,Wrapper-01,Mechanical,Packaging film change,Shift-Beta,Operator notified maintenance.
EVT-0689,2026-01-09T22:00:00,2026-01-09T22:43:00,43,Packaging,Filler-02,Quality,Sensor recalibration,Shift-Gamma,Reset and verified.
EVT-0690,2025-12-27T00:40:00,2025-12-27T01:00:00,20,Packaging,Line-02,Quality,Sensor recalibration,Shift-Zeta,Reset and verified.
EVT-0691,2026-01-25T17:40:00,2026-01-25T17:59:00,19,Warehouse,Cell-Alpha,Electrical,Format swap,Shift-Beta,Cleared and resumed.
EVT-0692,2026-01-20T04:50:00,2026-01-20T05:49:00,59,Warehouse,Filler-02,Material,Material shortage,Shift-Alpha,Cleared and resumed.
EVT-0693,2026-01-11T11:20:00,2026-01-11T11:38:00,18,Warehouse,Cell-Beta,Electrical,Startup check,Shift-Delta,Cleared and resumed.
EVT-0694,2025-12-07T23:00:00,2025-12-07T23:39:00,39,Packaging,Line-03,Changeover,Temperature recovery,Shift-Zeta,Cleared and resumed.
EVT-0695,2025-12-05T07:55:00,2025-12-05T08:28:00,33,Utilities,Sorter-03,Electrical,Packaging film change,Shift-Beta,Temporary workaround applied.
EVT-0696,2026-01-13T10:15:00,2026-01-13T11:09:00,54,Assembly,Station-05,Material,Sensor recalibration,Shift-Beta,Temporary workaround applied.
EVT-0697,2025-12-27T06:30:00,2025-12-27T06:49:00,19,Assembly,Filler-02,Quality,Temperature recovery,Shift-Alpha,Running stable after adjustment.
EVT-0698,2025-12-10T06:45:00,2025-12-10T07:19:00,34,Packaging,Station-09,Electrical,Material shortage,Shift-Delta,Temporary workaround applied.
EVT-0699,2025-12-13T20:25:00,2025-12-13T20:47:00,22,Packaging,Station-05,Material,Format swap,Shift-Zeta,Cleared and resumed.
EVT-0700,2025-12-18T04:05:00,2025-12-18T05:04:00,59,Warehouse,Filler-02,Mechanical,Material shortage,Shift-Gamma,Operator notified maintenance.
EVT-0701,2026-01-26T09:45:00,2026-01-26T10:00:00,15,Quality,Sorter-03,Material,Startup check,Shift-Zeta,Operator notified maintenance.
EVT-0702,2025-12-06T13:40:00,2025-12-06T14:16:00,36,Packaging,Sorter-03,Mechanical,Temperature recovery,Shift-Gamma,Cleared and resumed.
EVT-0703,2026-01-16T13:55:00,2026-01-16T14:55:00,60,Packaging,Cell-Alpha,Electrical,Packaging film change,Shift-Zeta,Operator notified maintenance.
EVT-0704,2026-01-27T18:10:00,2026-01-27T18:51:00,41,Assembly,Station-09,Changeover,Format swap,Shift-Delta,Temporary workaround applied.
EVT-0705,2026-01-19T16:00:00,2026-01-19T16:32:00,32,Utilities,Station-09,Mechanical,Sensor recalibration,Shift-Delta,Running stable after adjustment.
EVT-0706,2025-12-16T02:40:00,2025-12-16T03:33:00,53,Assembly,Station-09,Material,Material shortage,Shift-Gamma,Reset and verified.
EVT-0707,2025-12-16T20:05:00,2025-12-16T20:11:00,6,Warehouse,Cell-Beta,Material,Temperature recovery,Shift-Zeta,Temporary workaround applied.
EVT-0708,2026-01-07T00:35:00,2026-01-07T01:09:00,34,Packaging,Station-09,Material,Inspection hold,Shift-Delta,Temporary workaround applied.
EVT-0709,2026-01-10T00:50:00,2026-01-10T00:59:00,9,Warehouse,Station-05,Quality,Format swap,Shift-Gamma,Running stable after adjustment.
EVT-0710,2026-01-18T08:55:00,2026-01-18T09:39:00,44,Utilities,Sorter-03,Material,Sensor recalibration,Shift-Zeta,Reset and verified.
EVT-0711,2026-01-17T01:40:00,2026-01-17T02:28:00,48,Finishing,Line-01,Changeover,Packaging film change,Shift-Gamma,Running stable after adjustment.
EVT-0712,2026-01-09T01:25:00,2026-01-09T01:53:00,28,Packaging,Wrapper-01,Logistics,Sensor recalibration,Shift-Zeta,Temporary workaround applied.
EVT-0713,2026-01-19T06:10:00,2026-01-19T06:36:00,26,Packaging,Wrapper-01,Changeover,Temperature recovery,Shift-Zeta,Temporary workaround applied.
EVT-0714,2025-12-14T23:15:00,2025-12-14T23:40:00,25,Finishing,Cell-Beta,Quality,Packaging film change,Shift-Gamma,Cleared and resumed.
EVT-0715,2025-12-05T11:25:00,2025-12-05T11:58:00,33,Warehouse,Wrapper-01,Quality,Sensor recalibration,Shift-Delta,Temporary workaround applied.
EVT-0716,2026-01-04T21:40:00,2026-01-04T22:03:00,23,Warehouse,Sorter-03,Electrical,Sensor recalibration,Shift-Beta,Running stable after adjustment.
EVT-0717,2025-12-06T02:30:00,2025-12-06T02:46:00,16,Finishing,Line-02,Changeover,Material shortage,Shift-Gamma,Cleared and resumed.
EVT-0718,2026-01-14T04:35:00,2026-01-14T04:49:00,14,Packaging,Wrapper-01,Logistics,Format swap,Shift-Gamma,Running stable after adjustment.
EVT-0719,2026-01-13T17:10:00,2026-01-13T17:45:00,35,Finishing,Station-09,Mechanical,Format swap,Shift-Gamma,Operator notified maintenance.
EVT-0720,2025-12-05T00:15:00,2025-12-05T01:13:00,58,Utilities,Station-05,Mechanical,Startup check,Shift-Gamma,Temporary workaround applied.
